checking_status,duration,credit_history,purpose,credit_amount,savings_status,employment,installment_commitment,personal_status,other_parties,residence_since,property_magnitude,age,other_payment_plans,housing,existing_credits,job,num_dependents,own_telephone,foreign_worker,final_outcome_flag,post_decision_status,risk_review_code,confirmed_result_code,case_resolution_type,followup_action_group,outcome_verification_score,workflow_bucket_id,service_path_code,review_priority_index,class
<0,6,critical/other existing credit,radio/tv,1169,no known savings,>=7,4,male single,none,4,real estate,67,none,own,2,skilled,1,yes,yes,1,closed,route_f,type_4,group_x,B07,0.6611074347369942,route_c,type_4,0.11219233449219117,good
0<=X<200,48,existing paid,radio/tv,5951,<100,1<=X<4,2,female div/dep/mar,none,2,real estate,22,none,own,1,skilled,1,none,yes,0,pending,route_c,type_1,group_n,A12,0.9470939343181374,route_c,type_1,0.9015517506800265,bad
no checking,12,critical/other existing credit,education,2096,<100,4<=X<7,2,male single,none,3,real estate,49,none,own,1,unskilled resident,2,none,yes,1,closed,route_f,type_4,group_x,B07,0.8173402509727206,route_f,type_4,1.0,good
<0,42,existing paid,furniture/equipment,7882,<100,4<=X<7,2,male single,guarantor,4,life insurance,45,none,for free,1,skilled,2,none,yes,1,closed,route_f,type_4,group_x,B07,0.9686497680105963,route_c,type_4,0.1862977412241715,good
<0,24,delayed previously,new car,4870,<100,1<=X<4,3,male single,none,4,no known property,53,none,for free,2,skilled,2,none,yes,0,pending,route_c,type_4,group_n,B07,1.0,route_c,type_1,1.0,bad
no checking,36,existing paid,education,9055,no known savings,1<=X<4,2,male single,none,4,no known property,35,none,for free,1,unskilled resident,2,yes,yes,1,closed,route_f,type_4,group_x,B07,1.0,route_f,type_4,1.0,good
no checking,24,existing paid,furniture/equipment,2835,500<=X<1000,>=7,3,male single,none,4,life insurance,53,none,own,1,skilled,1,none,yes,1,closed,route_f,type_4,group_x,B07,0.8491800220835342,route_f,type_4,0.13003097997736462,good
0<=X<200,36,existing paid,used car,6948,<100,1<=X<4,2,male single,none,2,car,35,none,rent,1,high qualif/self emp/mgmt,1,yes,yes,1,closed,route_f,type_1,group_x,B07,1.0,route_f,type_1,1.0,good
no checking,12,existing paid,radio/tv,3059,>=1000,4<=X<7,2,male div/sep,none,4,real estate,61,none,own,1,unskilled resident,1,none,yes,1,closed,route_f,type_1,group_x,B07,1.0,route_f,type_1,1.0,good
0<=X<200,30,critical/other existing credit,new car,5234,<100,unemployed,4,male mar/wid,none,2,car,28,none,own,2,high qualif/self emp/mgmt,1,none,yes,0,pending,route_c,type_1,group_n,A12,0.04604498356613372,route_c,type_4,0.0,bad
0<=X<200,12,existing paid,new car,1295,<100,<1,3,female div/dep/mar,none,1,car,25,none,rent,1,skilled,1,none,yes,0,pending,route_c,type_1,group_n,A12,0.0,route_c,type_1,0.0332012911720837,bad
<0,48,existing paid,business,4308,<100,<1,3,female div/dep/mar,none,4,life insurance,24,none,rent,1,skilled,1,none,yes,0,pending,route_c,type_1,group_n,A12,0.18326540603173092,route_c,type_1,0.1887435288176626,bad
0<=X<200,12,existing paid,radio/tv,1567,<100,1<=X<4,1,female div/dep/mar,none,1,car,22,none,own,1,skilled,1,yes,yes,1,closed,route_f,type_4,group_x,B07,0.0,route_c,type_4,0.0,good
<0,24,critical/other existing credit,new car,1199,<100,>=7,4,male single,none,4,car,60,none,own,2,unskilled resident,1,none,yes,0,pending,route_c,type_1,group_x,A12,0.23507914461424936,route_f,type_1,0.0,bad
<0,15,existing paid,new car,1403,<100,1<=X<4,2,female div/dep/mar,none,4,car,28,none,rent,1,skilled,1,none,yes,1,closed,route_f,type_4,group_x,B07,0.0,route_f,type_1,1.0,good
<0,24,existing paid,radio/tv,1282,100<=X<500,1<=X<4,4,female div/dep/mar,none,2,car,32,none,own,1,unskilled resident,1,none,yes,0,pending,route_c,type_1,group_n,A12,1.0,route_c,type_1,0.0,bad
no checking,24,critical/other existing credit,radio/tv,2424,no known savings,>=7,4,male single,none,4,life insurance,53,none,own,2,skilled,1,none,yes,1,closed,route_f,type_4,group_x,B07,0.99209392632573,route_f,type_4,0.7554756991237905,good
<0,30,no credits/all paid,business,8072,no known savings,<1,2,male single,none,3,car,25,bank,own,3,skilled,1,none,yes,1,closed,route_f,type_1,group_x,B07,0.9565741297916538,route_c,type_4,1.0,good
0<=X<200,24,existing paid,used car,12579,<100,>=7,4,female div/dep/mar,none,2,no known property,44,none,for free,1,high qualif/self emp/mgmt,1,yes,yes,0,pending,route_c,type_1,group_x,A12,0.08378178261194992,route_c,type_4,0.2898044355434228,bad
no checking,24,existing paid,radio/tv,3430,500<=X<1000,>=7,3,male single,none,2,car,31,none,own,1,skilled,2,yes,yes,1,closed,route_f,type_4,group_x,B07,0.9603595140073794,route_c,type_1,0.0,good
no checking,9,critical/other existing credit,new car,2134,<100,1<=X<4,4,male single,none,4,car,48,none,own,3,skilled,1,yes,yes,1,closed,route_f,type_4,group_x,B07,0.647289592826654,route_f,type_1,1.0,good
<0,6,existing paid,radio/tv,2647,500<=X<1000,1<=X<4,2,male single,none,3,real estate,44,none,rent,1,skilled,2,none,yes,1,closed,route_f,type_4,group_x,B07,0.5941699736794042,route_f,type_4,0.48624382806149946,good
<0,10,critical/other existing credit,new car,2241,<100,<1,1,male single,none,3,real estate,48,none,rent,2,unskilled resident,2,none,no,1,closed,route_c,type_4,group_x,B07,0.16859593623763652,route_f,type_4,0.9189419573882435,good
0<=X<200,12,critical/other existing credit,used car,1804,100<=X<500,<1,3,male single,none,4,life insurance,44,none,own,1,skilled,1,none,yes,1,closed,route_f,type_4,group_x,B07,1.0,route_f,type_1,0.3727044722291224,good
no checking,10,critical/other existing credit,furniture/equipment,2069,no known savings,1<=X<4,2,male mar/wid,none,1,car,26,none,own,2,skilled,1,none,no,1,closed,route_f,type_4,group_x,B07,1.0,route_c,type_1,0.9335143801761445,good
<0,6,existing paid,furniture/equipment,1374,<100,1<=X<4,1,male single,none,2,real estate,36,bank,own,1,unskilled resident,1,yes,yes,1,closed,route_f,type_1,group_x,B07,0.9976775071026115,route_f,type_1,1.0,good
no checking,6,no credits/all paid,radio/tv,426,<100,>=7,4,male mar/wid,none,4,car,39,none,own,1,unskilled resident,1,none,yes,1,closed,route_f,type_4,group_x,B07,0.8287258887352794,route_f,type_4,1.0,good
>=200,12,all paid,radio/tv,409,>=1000,1<=X<4,3,female div/dep/mar,none,3,real estate,42,none,rent,2,skilled,1,none,yes,1,closed,route_f,type_4,group_x,B07,0.0,route_f,type_4,0.6524141134027179,good
0<=X<200,7,existing paid,radio/tv,2415,<100,1<=X<4,3,male single,guarantor,2,real estate,34,none,own,1,skilled,1,none,yes,1,closed,route_f,type_4,group_x,B07,1.0,route_f,type_4,1.0,good
<0,60,delayed previously,business,6836,<100,>=7,3,male single,none,4,no known property,63,none,own,2,skilled,1,yes,yes,0,pending,route_c,type_1,group_n,B07,0.0,route_c,type_4,1.0,bad
0<=X<200,18,existing paid,business,1913,>=1000,<1,3,male mar/wid,none,3,real estate,36,bank,own,1,skilled,1,yes,yes,1,closed,route_f,type_4,group_x,A12,1.0,route_f,type_4,0.3771199970828698,good
<0,24,existing paid,furniture/equipment,4020,<100,1<=X<4,2,male single,none,2,car,27,stores,own,1,skilled,1,none,yes,1,closed,route_f,type_1,group_x,B07,1.0,route_f,type_4,0.7497624817229408,good
0<=X<200,18,existing paid,new car,5866,100<=X<500,1<=X<4,2,male single,none,2,car,30,none,own,2,skilled,1,yes,yes,1,closed,route_f,type_4,group_x,A12,0.06337219284674854,route_f,type_4,0.9227382884188504,good
no checking,12,critical/other existing credit,business,1264,no known savings,>=7,4,male single,none,4,no known property,57,none,rent,1,unskilled resident,1,none,yes,1,closed,route_f,type_4,group_x,B07,0.0,route_f,type_4,0.8120079523582179,good
>=200,12,existing paid,furniture/equipment,1474,<100,<1,4,female div/dep/mar,none,1,life insurance,33,bank,own,1,high qualif/self emp/mgmt,1,yes,yes,1,closed,route_f,type_4,group_n,B07,0.8284168753521377,route_f,type_4,0.0,good
0<=X<200,45,critical/other existing credit,radio/tv,4746,<100,<1,4,male single,none,2,life insurance,25,none,own,2,unskilled resident,1,none,yes,0,pending,route_c,type_1,group_n,A12,0.2049024912406768,route_c,type_1,1.0,bad
no checking,48,critical/other existing credit,education,6110,<100,1<=X<4,1,male single,none,3,no known property,31,bank,for free,1,skilled,1,yes,yes,1,closed,route_f,type_4,group_x,B07,1.0,route_c,type_4,1.0,good
>=200,18,existing paid,radio/tv,2100,<100,1<=X<4,4,male single,co applicant,2,real estate,37,stores,own,1,skilled,1,none,yes,0,pending,route_c,type_4,group_n,A12,0.0,route_c,type_4,0.0,bad
>=200,10,existing paid,domestic appliance,1225,<100,1<=X<4,2,male single,none,2,car,37,none,own,1,skilled,1,yes,yes,1,closed,route_f,type_4,group_x,B07,1.0,route_f,type_4,0.8951362050186366,good
0<=X<200,9,existing paid,radio/tv,458,<100,1<=X<4,4,male single,none,3,real estate,24,none,own,1,skilled,1,none,yes,1,closed,route_f,type_4,group_x,B07,0.922393222408933,route_f,type_4,0.8859465169185573,good
no checking,30,existing paid,radio/tv,2333,500<=X<1000,>=7,4,male single,none,2,car,30,bank,own,1,high qualif/self emp/mgmt,1,none,yes,1,closed,route_f,type_4,group_x,B07,1.0,route_c,type_4,0.904054856574942,good
0<=X<200,12,existing paid,radio/tv,1158,500<=X<1000,1<=X<4,3,male div/sep,none,1,car,26,none,own,1,skilled,1,yes,yes,1,closed,route_f,type_4,group_x,B07,0.0,route_f,type_4,0.7439498177814239,good
0<=X<200,18,delayed previously,repairs,6204,<100,1<=X<4,2,male single,none,4,real estate,44,none,own,1,unskilled resident,2,yes,yes,1,closed,route_f,type_4,group_n,B07,1.0,route_f,type_4,0.0,good
<0,30,critical/other existing credit,used car,6187,100<=X<500,4<=X<7,1,male mar/wid,none,4,car,24,none,rent,2,skilled,1,none,yes,1,closed,route_f,type_4,group_x,B07,0.9861655370495233,route_f,type_1,0.9272606449404407,good
<0,48,critical/other existing credit,used car,6143,<100,>=7,4,female div/dep/mar,none,4,no known property,58,stores,for free,2,unskilled resident,1,none,yes,0,closed,route_c,type_1,group_n,A12,0.15354111403400658,route_f,type_1,0.0,bad
no checking,11,critical/other existing credit,new car,1393,<100,<1,4,female div/dep/mar,none,4,car,35,none,own,2,high qualif/self emp/mgmt,1,none,yes,1,closed,route_f,type_4,group_x,B07,0.9733494564359855,route_c,type_4,1.0,good
no checking,36,existing paid,radio/tv,2299,500<=X<1000,>=7,4,male single,none,4,car,39,none,own,1,skilled,1,none,yes,1,closed,route_f,type_4,group_x,B07,0.9819535385861229,route_f,type_4,1.0,good
<0,6,existing paid,used car,1352,500<=X<1000,unemployed,1,female div/dep/mar,none,2,life insurance,23,none,rent,1,unemp/unskilled non res,1,yes,yes,1,closed,route_f,type_4,group_x,B07,0.0,route_c,type_4,0.0,good
no checking,11,critical/other existing credit,new car,7228,<100,1<=X<4,1,male single,none,4,life insurance,39,none,own,2,unskilled resident,1,none,yes,1,closed,route_f,type_4,group_x,B07,1.0,route_f,type_1,0.0,good
no checking,12,existing paid,radio/tv,2073,100<=X<500,1<=X<4,4,female div/dep/mar,co applicant,2,real estate,28,none,own,1,skilled,1,none,yes,1,closed,route_f,type_4,group_x,B07,0.8839512060919403,route_f,type_1,1.0,good
0<=X<200,24,delayed previously,furniture/equipment,2333,no known savings,<1,4,male single,none,2,life insurance,29,bank,own,1,unskilled resident,1,none,yes,1,closed,route_f,type_4,group_x,B07,0.9355490355511022,route_f,type_1,1.0,good
0<=X<200,27,delayed previously,used car,5965,<100,>=7,1,male single,none,2,car,30,none,own,2,high qualif/self emp/mgmt,1,yes,yes,0,closed,route_c,type_1,group_x,B07,1.0,route_c,type_4,0.0,good
no checking,12,existing paid,radio/tv,1262,<100,1<=X<4,3,male single,none,2,car,25,none,own,1,skilled,1,none,yes,1,closed,route_f,type_4,group_x,B07,1.0,route_f,type_4,0.8148243677658169,good
no checking,18,existing paid,used car,3378,no known savings,1<=X<4,2,male single,none,1,life insurance,31,none,own,1,skilled,1,yes,yes,1,closed,route_f,type_4,group_x,A12,0.773942155421147,route_f,type_4,0.0,good
0<=X<200,36,delayed previously,new car,2225,<100,>=7,4,male single,none,4,no known property,57,bank,for free,2,skilled,1,yes,yes,0,pending,route_c,type_1,group_n,A12,0.9694182228228378,route_c,type_4,0.21405342284437842,bad
no checking,6,all paid,new car,783,no known savings,1<=X<4,1,male single,guarantor,2,real estate,26,stores,own,1,unskilled resident,2,none,yes,1,closed,route_f,type_4,group_x,B07,0.10536800397029203,route_c,type_4,0.9192978168359219,good
0<=X<200,12,existing paid,radio/tv,6468,no known savings,unemployed,2,male single,none,1,no known property,52,none,own,1,high qualif/self emp/mgmt,1,yes,yes,0,pending,route_c,type_1,group_n,A12,0.949870210425583,route_f,type_1,1.0,bad
no checking,36,critical/other existing credit,radio/tv,9566,<100,1<=X<4,2,female div/dep/mar,none,2,car,31,stores,own,2,skilled,1,none,yes,1,closed,route_f,type_4,group_x,B07,0.9702230425667349,route_f,type_1,1.0,good
>=200,18,existing paid,new car,1961,<100,>=7,3,female div/dep/mar,none,2,car,23,none,own,1,high qualif/self emp/mgmt,1,none,yes,1,closed,route_f,type_4,group_x,B07,1.0,route_f,type_1,0.9978808791521313,good
<0,36,critical/other existing credit,furniture/equipment,6229,<100,<1,4,female div/dep/mar,co applicant,4,no known property,23,none,rent,2,unskilled resident,1,yes,yes,0,pending,route_c,type_1,group_n,B07,0.0,route_f,type_1,0.14301536615585742,bad
0<=X<200,9,existing paid,business,1391,<100,1<=X<4,2,male mar/wid,none,1,real estate,27,bank,own,1,skilled,1,yes,yes,1,closed,route_f,type_4,group_x,B07,0.8634566959336424,route_f,type_4,0.1053852017333296,good
0<=X<200,15,critical/other existing credit,radio/tv,1537,no known savings,>=7,4,male single,guarantor,4,real estate,50,none,own,2,skilled,1,yes,yes,1,closed,route_f,type_4,group_x,B07,0.9951841386141351,route_c,type_1,0.0,good
0<=X<200,36,no credits/all paid,business,1953,<100,>=7,4,male single,none,4,no known property,61,none,for free,1,high qualif/self emp/mgmt,1,yes,yes,0,pending,route_c,type_1,group_n,A12,0.13171469502578123,route_c,type_4,0.21448025067772641,bad
0<=X<200,48,no credits/all paid,business,14421,<100,1<=X<4,2,male single,none,2,car,25,none,own,1,skilled,1,yes,yes,0,pending,route_c,type_1,group_n,B07,0.0,route_f,type_4,0.0,bad
no checking,24,existing paid,radio/tv,3181,<100,<1,4,female div/dep/mar,none,4,life insurance,26,none,own,1,skilled,1,yes,yes,1,closed,route_f,type_4,group_n,B07,0.9503811496431291,route_f,type_1,1.0,good
no checking,27,existing paid,repairs,5190,no known savings,>=7,4,male single,none,4,life insurance,48,none,own,4,skilled,2,yes,yes,1,closed,route_f,type_4,group_x,B07,0.8169338495786023,route_f,type_1,0.8810411795451533,good
no checking,12,existing paid,radio/tv,2171,<100,<1,2,female div/dep/mar,none,2,car,29,bank,own,1,skilled,1,none,yes,1,closed,route_f,type_4,group_x,B07,1.0,route_c,type_4,0.9032115365914408,good
0<=X<200,12,existing paid,new car,1007,>=1000,1<=X<4,4,male mar/wid,none,1,real estate,22,none,own,1,skilled,1,none,yes,1,closed,route_f,type_4,group_x,B07,0.987762537593981,route_f,type_4,0.0,good
no checking,36,existing paid,education,1819,<100,1<=X<4,4,male single,none,4,no known property,37,stores,for free,1,skilled,1,yes,yes,0,pending,route_c,type_1,group_n,A12,0.0,route_f,type_1,0.0,bad
no checking,36,existing paid,radio/tv,2394,no known savings,1<=X<4,4,female div/dep/mar,none,4,car,25,none,own,1,skilled,1,none,yes,1,closed,route_f,type_4,group_x,B07,0.012225192018971003,route_c,type_4,0.9135802247284716,good
no checking,36,existing paid,used car,8133,<100,1<=X<4,1,female div/dep/mar,none,2,life insurance,30,bank,own,1,skilled,1,none,yes,1,closed,route_f,type_1,group_x,B07,0.8405229715263525,route_c,type_4,0.0,good
no checking,7,critical/other existing credit,radio/tv,730,no known savings,>=7,4,male single,none,2,life insurance,46,none,rent,2,unskilled resident,1,yes,yes,1,closed,route_f,type_4,group_x,B07,0.0,route_c,type_1,0.0,good
<0,8,critical/other existing credit,other,1164,<100,>=7,3,male single,none,4,no known property,51,bank,for free,2,high qualif/self emp/mgmt,2,yes,yes,1,closed,route_f,type_4,group_x,B07,0.0,route_f,type_1,0.8971352169585929,good
0<=X<200,42,critical/other existing credit,business,5954,<100,4<=X<7,2,female div/dep/mar,none,1,real estate,41,bank,own,2,unskilled resident,1,none,yes,1,closed,route_f,type_4,group_x,B07,0.8586517510236444,route_c,type_1,1.0,good
<0,36,existing paid,education,1977,no known savings,>=7,4,male single,none,4,no known property,40,none,own,1,high qualif/self emp/mgmt,1,yes,yes,0,pending,route_c,type_1,group_x,A12,0.17984722987997434,route_c,type_1,0.08565359951725718,bad
<0,12,critical/other existing credit,used car,1526,<100,>=7,4,male single,none,4,no known property,66,none,for free,2,high qualif/self emp/mgmt,1,none,yes,1,closed,route_f,type_4,group_x,B07,0.9028618211050561,route_c,type_4,0.0,good
<0,42,existing paid,radio/tv,3965,<100,<1,4,male single,none,3,car,34,none,own,1,skilled,1,none,yes,0,pending,route_c,type_1,group_n,A12,0.06177482875132095,route_c,type_1,0.0,bad
0<=X<200,11,delayed previously,radio/tv,4771,<100,4<=X<7,2,male single,none,4,life insurance,51,none,own,1,skilled,1,none,yes,1,closed,route_f,type_4,group_x,A12,0.8891900618558404,route_f,type_4,0.0,good
no checking,54,no credits/all paid,used car,9436,no known savings,1<=X<4,2,male single,none,2,life insurance,39,none,own,1,unskilled resident,2,none,yes,1,closed,route_f,type_4,group_x,B07,0.10063822131362654,route_f,type_4,0.3009062022813594,good
0<=X<200,30,existing paid,furniture/equipment,3832,<100,<1,2,male mar/wid,none,1,life insurance,22,none,own,1,skilled,1,none,yes,1,closed,route_f,type_4,group_x,B07,0.8640441348766007,route_c,type_1,0.8334833022075705,good
no checking,24,existing paid,radio/tv,5943,no known savings,<1,1,female div/dep/mar,none,1,car,44,none,own,2,skilled,1,yes,yes,0,pending,route_c,type_1,group_n,A12,0.0051977004284327315,route_f,type_1,0.0,bad
no checking,15,existing paid,radio/tv,1213,500<=X<1000,>=7,4,male single,none,3,life insurance,47,stores,own,1,skilled,1,yes,yes,1,closed,route_f,type_1,group_x,B07,0.007002798557635717,route_f,type_4,0.771461709297527,good
no checking,18,existing paid,business,1568,100<=X<500,1<=X<4,3,female div/dep/mar,none,4,life insurance,24,none,rent,1,unskilled resident,1,none,yes,1,closed,route_f,type_4,group_x,B07,1.0,route_f,type_4,0.6998870054141726,good
<0,24,existing paid,other,1755,<100,>=7,4,female div/dep/mar,guarantor,4,real estate,58,none,own,1,unskilled resident,1,yes,yes,1,closed,route_f,type_4,group_x,A12,0.08353135065737187,route_f,type_4,1.0,good
<0,10,existing paid,radio/tv,2315,<100,>=7,3,male single,none,4,real estate,52,none,own,1,unskilled resident,1,none,yes,1,closed,route_f,type_4,group_x,B07,0.0,route_c,type_4,0.04108792454232501,good
no checking,12,critical/other existing credit,business,1412,<100,1<=X<4,4,female div/dep/mar,guarantor,2,real estate,29,none,own,2,high qualif/self emp/mgmt,1,yes,yes,1,closed,route_f,type_4,group_x,B07,1.0,route_c,type_1,0.25975927519915876,good
0<=X<200,18,critical/other existing credit,furniture/equipment,1295,<100,<1,4,female div/dep/mar,none,1,life insurance,27,none,own,2,skilled,1,none,yes,1,closed,route_f,type_4,group_x,B07,1.0,route_f,type_4,1.0,good
0<=X<200,36,existing paid,education,12612,100<=X<500,1<=X<4,1,male single,none,4,no known property,47,none,for free,1,skilled,2,yes,yes,0,pending,route_c,type_1,group_n,A12,0.0,route_c,type_1,0.48541613469269107,bad
<0,18,existing paid,new car,2249,100<=X<500,4<=X<7,4,male single,none,3,car,30,none,own,1,high qualif/self emp/mgmt,2,yes,yes,1,closed,route_f,type_4,group_n,B07,0.8883711293596437,route_f,type_4,0.9850407645729281,good
<0,12,no credits/all paid,repairs,1108,<100,4<=X<7,4,male single,none,3,real estate,28,none,own,2,skilled,1,none,yes,0,pending,route_c,type_1,group_n,A12,0.0,route_f,type_1,0.0,bad
no checking,12,critical/other existing credit,radio/tv,618,<100,>=7,4,male single,none,4,real estate,56,none,own,1,skilled,1,none,yes,1,closed,route_f,type_4,group_n,B07,0.0,route_c,type_4,0.0,good
<0,12,critical/other existing credit,used car,1409,<100,>=7,4,male single,none,3,real estate,54,none,own,1,skilled,1,none,yes,1,closed,route_f,type_4,group_x,B07,0.0,route_f,type_4,0.1410570789139559,good
no checking,12,critical/other existing credit,radio/tv,797,no known savings,>=7,4,female div/dep/mar,none,3,life insurance,33,bank,own,1,unskilled resident,2,none,yes,0,pending,route_c,type_1,group_n,A12,0.0,route_c,type_1,0.024003183892883608,bad
>=200,24,critical/other existing credit,furniture/equipment,3617,no known savings,>=7,4,male single,co applicant,4,no known property,20,none,rent,2,skilled,1,none,yes,1,closed,route_f,type_4,group_x,B07,1.0,route_c,type_4,0.13188142676466338,good
0<=X<200,12,existing paid,new car,1318,>=1000,>=7,4,male single,none,4,real estate,54,none,own,1,skilled,1,yes,yes,1,closed,route_f,type_4,group_x,B07,0.811504360701848,route_f,type_4,0.769327345604224,good
0<=X<200,54,no credits/all paid,business,15945,<100,<1,3,male single,none,4,no known property,58,none,rent,1,skilled,1,yes,yes,0,pending,route_c,type_4,group_n,A12,0.0,route_c,type_4,0.07119984827790668,bad
no checking,12,critical/other existing credit,education,2012,no known savings,4<=X<7,4,female div/dep/mar,none,2,car,61,none,own,1,skilled,1,none,yes,1,closed,route_f,type_1,group_x,B07,0.13857255340829247,route_c,type_4,1.0,good
0<=X<200,18,existing paid,business,2622,100<=X<500,1<=X<4,4,male single,none,4,car,34,none,own,1,skilled,1,none,yes,1,closed,route_f,type_4,group_x,B07,0.9960005064281745,route_f,type_4,1.0,good
0<=X<200,36,critical/other existing credit,radio/tv,2337,<100,>=7,4,male single,none,4,real estate,36,none,own,1,skilled,1,none,yes,1,closed,route_f,type_4,group_x,B07,0.8702302728853831,route_f,type_4,0.0,good
0<=X<200,20,delayed previously,used car,7057,no known savings,4<=X<7,3,male single,none,4,life insurance,36,bank,rent,2,high qualif/self emp/mgmt,2,yes,yes,1,closed,route_f,type_4,group_x,B07,0.0,route_f,type_4,0.24083824133206316,good
no checking,24,existing paid,new car,1469,100<=X<500,>=7,4,male mar/wid,none,4,real estate,41,none,rent,1,unskilled resident,1,none,yes,1,pending,route_f,type_4,group_x,B07,0.9695251065263188,route_f,type_4,0.4151872847430473,good
0<=X<200,36,existing paid,radio/tv,2323,<100,4<=X<7,4,male single,none,4,car,24,none,rent,1,skilled,1,none,yes,1,closed,route_f,type_4,group_x,B07,0.8996935825248132,route_f,type_4,0.0,good
no checking,6,delayed previously,radio/tv,932,<100,1<=X<4,3,female div/dep/mar,none,2,real estate,24,none,own,1,skilled,1,none,yes,1,closed,route_f,type_4,group_x,A12,1.0,route_c,type_1,0.145889905867574,good
0<=X<200,9,critical/other existing credit,furniture/equipment,1919,<100,4<=X<7,4,male single,none,3,car,35,none,rent,1,skilled,1,yes,yes,1,closed,route_f,type_4,group_x,B07,0.8143077229265462,route_f,type_4,0.0,good
no checking,12,existing paid,used car,2445,no known savings,<1,2,male mar/wid,none,4,car,26,none,rent,1,skilled,1,yes,yes,1,closed,route_f,type_4,group_x,B07,1.0,route_f,type_4,0.13539351477019781,good
0<=X<200,24,critical/other existing credit,other,11938,<100,1<=X<4,2,male single,co applicant,3,car,39,none,own,2,high qualif/self emp/mgmt,2,yes,yes,0,pending,route_c,type_1,group_x,A12,0.015310311819291565,route_c,type_4,0.6212936901502947,bad
no checking,18,all paid,new car,6458,<100,>=7,2,male single,none,4,no known property,39,bank,own,2,high qualif/self emp/mgmt,2,yes,yes,0,pending,route_c,type_1,group_n,A12,0.025153322251703206,route_c,type_1,0.0,bad
0<=X<200,12,existing paid,new car,6078,<100,4<=X<7,2,male single,none,2,car,32,none,own,1,skilled,1,none,yes,1,closed,route_f,type_4,group_x,B07,0.19094267311680224,route_f,type_1,0.0,good
<0,24,existing paid,furniture/equipment,7721,no known savings,<1,1,female div/dep/mar,none,2,life insurance,30,none,own,1,skilled,1,yes,no,1,closed,route_f,type_4,group_x,B07,0.9419920964657278,route_f,type_4,0.9563386722727473,good
0<=X<200,14,existing paid,business,1410,500<=X<1000,>=7,1,male mar/wid,none,2,real estate,35,none,own,1,skilled,1,yes,yes,1,closed,route_f,type_4,group_x,B07,0.9038292879478478,route_f,type_1,1.0,good
0<=X<200,6,delayed previously,business,1449,100<=X<500,>=7,1,male div/sep,none,2,car,31,bank,own,2,skilled,2,none,yes,1,closed,route_f,type_4,group_x,B07,0.0,route_f,type_4,0.0,good
>=200,15,existing paid,education,392,<100,<1,4,female div/dep/mar,none,4,life insurance,23,none,rent,1,skilled,1,yes,yes,1,closed,route_f,type_4,group_x,B07,0.9744902295381683,route_f,type_4,0.9272053628730832,good
0<=X<200,18,existing paid,new car,6260,<100,4<=X<7,3,male single,none,3,real estate,28,none,rent,1,unskilled resident,1,none,yes,1,closed,route_f,type_4,group_x,B07,0.987947151440149,route_f,type_4,0.8960428243147485,good
no checking,36,critical/other existing credit,new car,7855,<100,1<=X<4,4,female div/dep/mar,none,2,real estate,25,stores,own,2,skilled,1,yes,yes,0,pending,route_c,type_1,group_n,A12,0.0,route_f,type_4,0.32016235848405455,bad
<0,12,existing paid,radio/tv,1680,500<=X<1000,>=7,3,male mar/wid,none,1,real estate,35,none,own,1,skilled,1,none,yes,1,closed,route_c,type_4,group_x,A12,0.7319412039731197,route_f,type_4,0.08743160408968274,good
no checking,48,critical/other existing credit,radio/tv,3578,no known savings,>=7,4,male single,none,1,real estate,47,none,own,1,skilled,1,yes,yes,1,closed,route_f,type_4,group_x,B07,0.9256769073835275,route_f,type_4,0.761613534562132,good
<0,42,existing paid,radio/tv,7174,no known savings,4<=X<7,4,female div/dep/mar,none,3,car,30,none,own,1,high qualif/self emp/mgmt,1,yes,yes,0,pending,route_c,type_1,group_n,A12,0.047676900783012906,route_f,type_1,0.0,bad
<0,10,critical/other existing credit,furniture/equipment,2132,no known savings,<1,2,female div/dep/mar,co applicant,3,real estate,27,none,rent,2,skilled,1,none,no,1,closed,route_f,type_4,group_x,B07,0.018054225578587723,route_f,type_1,1.0,good
<0,33,critical/other existing credit,furniture/equipment,4281,500<=X<1000,1<=X<4,1,female div/dep/mar,none,4,car,23,none,own,2,skilled,1,none,yes,0,pending,route_c,type_1,group_n,B07,0.15894096725192208,route_f,type_4,1.0,bad
0<=X<200,12,critical/other existing credit,new car,2366,500<=X<1000,4<=X<7,3,male div/sep,none,3,car,36,none,own,1,high qualif/self emp/mgmt,1,yes,yes,1,closed,route_f,type_4,group_x,B07,0.259101967075202,route_c,type_4,0.0,good
<0,21,existing paid,radio/tv,1835,<100,1<=X<4,3,female div/dep/mar,none,2,real estate,25,none,own,2,skilled,1,yes,yes,0,pending,route_c,type_1,group_n,A12,1.0,route_f,type_1,0.0,bad
no checking,24,critical/other existing credit,used car,3868,<100,>=7,4,female div/dep/mar,none,2,car,41,none,rent,2,high qualif/self emp/mgmt,1,yes,yes,1,closed,route_f,type_4,group_x,B07,1.0,route_c,type_1,0.0,good
no checking,12,existing paid,furniture/equipment,1768,<100,1<=X<4,3,male single,none,2,real estate,24,none,rent,1,unskilled resident,1,none,yes,1,closed,route_f,type_4,group_x,B07,1.0,route_c,type_4,0.0,good
>=200,10,critical/other existing credit,new car,781,<100,>=7,4,male single,none,4,no known property,63,none,for free,2,skilled,1,yes,yes,1,closed,route_f,type_4,group_x,B07,1.0,route_f,type_1,0.6536820383448578,good
0<=X<200,18,existing paid,furniture/equipment,1924,no known savings,<1,4,female div/dep/mar,none,3,real estate,27,none,rent,1,skilled,1,none,yes,0,pending,route_c,type_1,group_n,A12,1.0,route_c,type_1,0.0,bad
<0,12,critical/other existing credit,new car,2121,<100,1<=X<4,4,male single,none,2,life insurance,30,none,own,2,skilled,1,none,yes,1,closed,route_f,type_4,group_x,A12,1.0,route_c,type_1,0.2813128594377383,good
<0,12,existing paid,radio/tv,701,<100,1<=X<4,4,male mar/wid,none,2,real estate,40,none,own,1,unskilled resident,1,none,yes,1,closed,route_f,type_4,group_x,B07,1.0,route_c,type_4,0.0,good
0<=X<200,12,existing paid,repairs,639,<100,1<=X<4,4,male single,none,2,car,30,none,own,1,skilled,1,none,yes,0,pending,route_c,type_4,group_n,A12,0.9728067372182988,route_c,type_1,0.0,bad
0<=X<200,12,critical/other existing credit,used car,1860,<100,unemployed,4,male single,none,2,car,34,none,own,2,high qualif/self emp/mgmt,1,yes,yes,1,closed,route_f,type_4,group_x,B07,0.994522810272282,route_c,type_1,1.0,good
<0,12,critical/other existing credit,new car,3499,<100,1<=X<4,3,female div/dep/mar,co applicant,2,real estate,29,none,own,2,skilled,1,none,yes,0,pending,route_c,type_1,group_n,A12,0.9552365535960903,route_c,type_4,0.44917363242920544,bad
0<=X<200,48,existing paid,new car,8487,no known savings,4<=X<7,1,female div/dep/mar,none,2,car,24,none,own,1,skilled,1,none,yes,1,closed,route_f,type_4,group_x,B07,1.0,route_f,type_4,1.0,good
<0,36,delayed previously,education,6887,<100,1<=X<4,4,male single,none,3,life insurance,29,stores,own,1,skilled,1,yes,yes,0,pending,route_c,type_1,group_n,A12,0.0,route_c,type_1,1.0,bad
no checking,15,existing paid,furniture/equipment,2708,<100,<1,2,male single,none,3,life insurance,27,bank,own,2,unskilled resident,1,none,yes,1,closed,route_f,type_1,group_x,B07,0.974678427204162,route_f,type_4,0.0,good
no checking,18,existing paid,furniture/equipment,1984,<100,1<=X<4,4,male single,none,4,no known property,47,bank,for free,2,skilled,1,none,yes,1,closed,route_f,type_1,group_x,B07,0.6879399902138752,route_f,type_4,0.9474716497482455,good
no checking,60,existing paid,radio/tv,10144,100<=X<500,4<=X<7,2,female div/dep/mar,none,4,real estate,21,none,own,1,skilled,1,yes,yes,1,closed,route_f,type_4,group_x,B07,1.0,route_f,type_4,0.002541926429832723,good
no checking,12,critical/other existing credit,radio/tv,1240,no known savings,>=7,4,female div/dep/mar,none,2,real estate,38,none,own,2,skilled,1,yes,yes,1,closed,route_f,type_4,group_n,B07,0.9707871178073129,route_f,type_4,0.8432380792754997,good
no checking,27,delayed previously,used car,8613,>=1000,1<=X<4,2,male single,none,2,car,27,none,own,2,skilled,1,none,yes,1,closed,route_f,type_4,group_x,A12,1.0,route_c,type_1,0.9587471494279011,good
0<=X<200,12,existing paid,radio/tv,766,500<=X<1000,1<=X<4,4,male single,none,3,real estate,66,none,own,1,unskilled resident,1,none,yes,0,pending,route_c,type_4,group_n,B07,0.19315673704926084,route_f,type_4,1.0,bad
0<=X<200,15,critical/other existing credit,radio/tv,2728,no known savings,4<=X<7,4,male single,guarantor,2,real estate,35,bank,own,3,skilled,1,yes,yes,1,closed,route_f,type_4,group_x,B07,1.0,route_c,type_4,0.8379261763788937,good
>=200,12,existing paid,radio/tv,1881,<100,1<=X<4,2,female div/dep/mar,none,2,car,44,none,rent,1,unskilled resident,1,yes,yes,1,closed,route_f,type_4,group_x,B07,1.0,route_f,type_1,1.8028770136759948e-05,good
>=200,6,existing paid,new car,709,>=1000,<1,2,male mar/wid,none,2,real estate,27,none,own,1,unemp/unskilled non res,1,none,no,1,closed,route_f,type_4,group_x,B07,0.8354697398899439,route_f,type_4,1.0,good
0<=X<200,36,existing paid,radio/tv,4795,<100,<1,4,female div/dep/mar,none,1,no known property,30,none,own,1,high qualif/self emp/mgmt,1,yes,yes,1,closed,route_f,type_4,group_x,B07,1.0,route_c,type_4,0.8330456251154192,good
<0,27,existing paid,radio/tv,3416,<100,1<=X<4,3,male single,none,2,car,27,none,own,1,high qualif/self emp/mgmt,1,none,yes,1,closed,route_f,type_4,group_n,B07,0.14404210129976147,route_c,type_4,1.0,good
<0,18,existing paid,furniture/equipment,2462,<100,1<=X<4,2,male single,none,2,car,22,none,own,1,skilled,1,none,yes,0,pending,route_c,type_4,group_n,A12,0.02771933025447993,route_c,type_1,1.0,bad
no checking,21,critical/other existing credit,furniture/equipment,2288,<100,<1,4,female div/dep/mar,none,4,life insurance,23,none,own,1,skilled,1,yes,yes,1,closed,route_f,type_4,group_x,B07,1.0,route_f,type_4,0.9665626809237938,good
0<=X<200,48,all paid,business,3566,100<=X<500,4<=X<7,4,male single,none,2,car,30,none,own,1,skilled,1,none,yes,1,closed,route_f,type_4,group_x,B07,0.8451558776064082,route_f,type_4,0.5933500693254565,good
<0,6,critical/other existing credit,new car,860,<100,>=7,1,female div/dep/mar,none,4,no known property,39,none,own,2,skilled,1,yes,yes,1,closed,route_f,type_4,group_n,B07,0.9617585285630421,route_f,type_1,0.9243434804922717,good
no checking,12,critical/other existing credit,new car,682,100<=X<500,4<=X<7,4,female div/dep/mar,none,3,car,51,none,own,2,skilled,1,yes,yes,1,closed,route_f,type_4,group_x,B07,1.0,route_c,type_1,1.0,good
<0,36,critical/other existing credit,furniture/equipment,5371,<100,1<=X<4,3,male single,guarantor,2,life insurance,28,none,own,2,skilled,1,none,yes,1,closed,route_f,type_4,group_x,B07,0.7526145260314172,route_f,type_1,0.3534323663074997,good
no checking,18,critical/other existing credit,radio/tv,1582,>=1000,>=7,4,male single,none,4,car,46,none,own,2,skilled,1,none,yes,1,closed,route_f,type_4,group_x,B07,1.0,route_f,type_1,1.0,good
no checking,6,existing paid,radio/tv,1346,100<=X<500,>=7,2,male single,none,4,no known property,42,bank,for free,1,skilled,2,yes,yes,1,closed,route_f,type_1,group_x,B07,1.0,route_f,type_4,0.22805878693511564,good
no checking,10,existing paid,radio/tv,1924,<100,1<=X<4,1,male single,none,4,life insurance,38,none,own,1,skilled,1,yes,no,1,closed,route_f,type_4,group_x,A12,1.0,route_f,type_1,0.7551563238415574,good
>=200,36,existing paid,radio/tv,5848,<100,1<=X<4,4,male single,none,1,car,24,none,own,1,skilled,1,none,yes,1,closed,route_f,type_4,group_x,B07,0.7902584068868037,route_f,type_1,0.0,good
0<=X<200,24,critical/other existing credit,used car,7758,>=1000,>=7,2,female div/dep/mar,none,4,no known property,29,none,rent,1,skilled,1,none,yes,1,closed,route_f,type_1,group_x,B07,1.0,route_c,type_4,0.24720115457159492,good
0<=X<200,24,delayed previously,business,6967,100<=X<500,4<=X<7,4,male single,none,4,car,36,none,rent,1,high qualif/self emp/mgmt,1,yes,yes,1,closed,route_f,type_4,group_x,A12,0.9258701265327703,route_f,type_4,0.8202339560440156,good
<0,12,existing paid,furniture/equipment,1282,<100,1<=X<4,2,female div/dep/mar,none,4,car,20,none,rent,1,skilled,1,none,yes,0,pending,route_c,type_1,group_x,B07,0.9407712465616792,route_c,type_1,1.0,bad
<0,9,critical/other existing credit,repairs,1288,100<=X<500,>=7,3,male single,guarantor,4,real estate,48,none,own,2,skilled,2,none,no,1,closed,route_f,type_1,group_x,B07,0.8380844187278274,route_f,type_4,1.0,good
<0,12,all paid,retraining,339,<100,>=7,4,male mar/wid,none,1,car,45,bank,own,1,unskilled resident,1,none,yes,1,pending,route_f,type_1,group_n,B07,0.0,route_f,type_4,0.05563153881108858,good
0<=X<200,24,existing paid,new car,3512,100<=X<500,4<=X<7,2,male single,none,3,car,38,bank,own,2,skilled,1,yes,yes,1,closed,route_f,type_4,group_x,B07,0.05346671103764472,route_f,type_1,0.9334377184099651,good
no checking,6,critical/other existing credit,radio/tv,1898,no known savings,1<=X<4,1,male single,none,2,real estate,34,none,own,2,unskilled resident,2,none,yes,1,closed,route_f,type_4,group_x,B07,0.8526160212914704,route_c,type_4,0.800275231199082,good
no checking,24,critical/other existing credit,radio/tv,2872,100<=X<500,>=7,3,male single,none,4,real estate,36,none,own,1,skilled,2,yes,yes,1,closed,route_f,type_4,group_x,B07,1.0,route_f,type_1,1.0,good
no checking,18,critical/other existing credit,new car,1055,<100,<1,4,female div/dep/mar,none,1,life insurance,30,none,own,2,skilled,1,none,yes,1,closed,route_f,type_4,group_x,B07,0.9121569987765077,route_f,type_4,0.12795215983911615,good
no checking,15,existing paid,domestic appliance,1262,500<=X<1000,4<=X<7,4,male single,none,3,life insurance,36,none,own,2,skilled,1,yes,yes,1,closed,route_f,type_1,group_x,A12,0.8392730207250542,route_c,type_4,0.0689747652467784,good
0<=X<200,10,existing paid,new car,7308,<100,unemployed,2,male single,none,4,no known property,70,bank,for free,1,high qualif/self emp/mgmt,1,yes,yes,1,closed,route_f,type_4,group_x,B07,0.9300652881073139,route_f,type_4,0.0,good
no checking,36,existing paid,new car,909,500<=X<1000,>=7,4,male single,none,4,life insurance,36,none,own,1,skilled,1,none,yes,1,closed,route_f,type_4,group_x,B07,1.0,route_f,type_4,0.007669004991970495,good
no checking,6,existing paid,furniture/equipment,2978,500<=X<1000,1<=X<4,1,male single,none,2,car,32,none,own,1,skilled,1,yes,yes,1,closed,route_f,type_4,group_x,B07,0.9632506927941399,route_f,type_4,1.0,good
<0,18,existing paid,furniture/equipment,1131,<100,unemployed,4,female div/dep/mar,none,2,car,33,none,own,1,skilled,1,none,yes,0,pending,route_c,type_4,group_x,A12,0.0045328406790957855,route_c,type_1,1.0,bad
0<=X<200,11,existing paid,furniture/equipment,1577,>=1000,<1,4,female div/dep/mar,none,1,real estate,20,none,own,1,skilled,1,none,yes,1,closed,route_f,type_4,group_x,B07,1.0,route_f,type_4,0.14870390841556666,good
no checking,24,existing paid,furniture/equipment,3972,<100,4<=X<7,2,female div/dep/mar,none,4,life insurance,25,none,rent,1,skilled,1,yes,yes,1,closed,route_f,type_1,group_x,A12,1.0,route_f,type_4,0.0,good
0<=X<200,24,critical/other existing credit,business,1935,<100,>=7,4,male div/sep,none,4,real estate,31,none,own,2,skilled,1,yes,yes,0,pending,route_c,type_1,group_n,A12,0.0,route_c,type_1,0.0,bad
<0,15,no credits/all paid,new car,950,<100,>=7,4,male single,none,3,car,33,none,rent,2,skilled,2,none,yes,0,pending,route_c,type_1,group_n,A12,0.0,route_c,type_4,1.0,bad
no checking,12,existing paid,furniture/equipment,763,<100,1<=X<4,4,female div/dep/mar,none,1,real estate,26,none,own,1,skilled,1,yes,yes,1,closed,route_f,type_4,group_x,B07,1.0,route_c,type_4,0.0,good
0<=X<200,24,delayed previously,furniture/equipment,2064,<100,unemployed,3,female div/dep/mar,none,2,life insurance,34,none,own,1,high qualif/self emp/mgmt,1,yes,yes,0,pending,route_c,type_1,group_n,A12,0.062361070158789514,route_c,type_4,0.0,bad
0<=X<200,8,existing paid,radio/tv,1414,<100,1<=X<4,4,male single,guarantor,2,real estate,33,none,own,1,skilled,1,none,no,1,closed,route_f,type_4,group_x,A12,0.8064538969587165,route_f,type_4,0.0,good
<0,21,delayed previously,education,3414,<100,<1,2,male single,none,1,life insurance,26,none,own,2,skilled,1,none,yes,0,pending,route_c,type_1,group_n,A12,0.0,route_c,type_4,0.09957900892083801,bad
no checking,30,all paid,used car,7485,no known savings,unemployed,4,female div/dep/mar,none,1,real estate,53,bank,own,1,high qualif/self emp/mgmt,1,yes,yes,0,pending,route_c,type_4,group_n,B07,0.0,route_c,type_1,1.0,bad
<0,12,existing paid,furniture/equipment,2577,<100,1<=X<4,2,male div/sep,none,1,car,42,none,own,1,skilled,1,none,yes,1,closed,route_f,type_4,group_x,B07,0.9724635599945501,route_c,type_1,0.6062203986595289,good
<0,6,critical/other existing credit,radio/tv,338,500<=X<1000,>=7,4,male single,none,4,car,52,none,own,2,skilled,1,none,yes,1,closed,route_f,type_4,group_x,A12,0.8991630077694509,route_f,type_1,1.0,good
no checking,12,existing paid,radio/tv,1963,<100,4<=X<7,4,male single,none,2,car,31,none,rent,2,high qualif/self emp/mgmt,2,yes,yes,1,closed,route_f,type_1,group_x,B07,1.0,route_c,type_4,0.9528022802783972,good
<0,21,critical/other existing credit,new car,571,<100,>=7,4,male single,none,4,real estate,65,none,own,2,skilled,1,none,yes,1,closed,route_f,type_4,group_x,B07,0.7873198508067597,route_c,type_1,1.0,good
no checking,36,delayed previously,business,9572,<100,<1,1,male div/sep,none,1,car,28,none,own,2,skilled,1,none,yes,0,pending,route_c,type_1,group_n,A12,0.7906872726217388,route_c,type_1,0.0,bad
0<=X<200,36,delayed previously,business,4455,<100,1<=X<4,2,male div/sep,none,2,real estate,30,stores,own,2,high qualif/self emp/mgmt,1,yes,yes,0,pending,route_c,type_1,group_x,A12,0.0,route_f,type_1,0.2018664929708299,bad
<0,21,all paid,new car,1647,no known savings,1<=X<4,4,male single,none,2,life insurance,40,none,own,2,unskilled resident,2,none,yes,0,pending,route_c,type_1,group_n,B07,0.0,route_c,type_1,0.008398188611224147,bad
no checking,24,critical/other existing credit,furniture/equipment,3777,>=1000,1<=X<4,4,male single,none,4,real estate,50,none,own,1,skilled,1,yes,yes,1,closed,route_f,type_4,group_x,B07,0.8072596868463012,route_c,type_1,0.9875528492343719,good
0<=X<200,18,critical/other existing credit,new car,884,<100,>=7,4,male single,none,4,car,36,bank,own,1,skilled,2,yes,yes,0,pending,route_c,type_4,group_n,B07,0.0,route_c,type_1,0.0,bad
no checking,15,critical/other existing credit,radio/tv,1360,<100,1<=X<4,4,male single,none,2,life insurance,31,none,own,2,skilled,1,none,yes,1,closed,route_f,type_1,group_x,B07,0.9468616941919706,route_f,type_4,1.0,good
0<=X<200,9,all paid,used car,5129,<100,>=7,2,female div/dep/mar,none,4,no known property,74,bank,for free,1,high qualif/self emp/mgmt,2,yes,yes,0,pending,route_c,type_1,group_x,B07,0.0,route_f,type_1,1.0,bad
0<=X<200,16,critical/other existing credit,new car,1175,<100,unemployed,2,male single,none,3,car,68,none,for free,3,unemp/unskilled non res,1,yes,yes,1,closed,route_f,type_4,group_n,B07,1.0,route_f,type_1,0.0,good
<0,12,existing paid,radio/tv,674,100<=X<500,4<=X<7,4,male mar/wid,none,1,life insurance,20,none,own,1,skilled,1,none,yes,0,pending,route_c,type_4,group_x,A12,0.0,route_c,type_1,0.23777536749294048,bad
0<=X<200,18,no credits/all paid,furniture/equipment,3244,<100,1<=X<4,1,female div/dep/mar,none,4,car,33,bank,own,2,skilled,1,yes,yes,1,closed,route_f,type_4,group_x,B07,1.0,route_f,type_4,0.22941127230800087,good
no checking,24,existing paid,business,4591,>=1000,1<=X<4,2,male single,none,3,life insurance,54,none,own,3,high qualif/self emp/mgmt,1,yes,yes,0,pending,route_c,type_1,group_x,A12,0.06468711476469832,route_c,type_1,0.0,bad
0<=X<200,48,no credits/all paid,business,3844,100<=X<500,4<=X<7,4,male single,none,4,no known property,34,none,for free,1,unskilled resident,2,none,yes,0,pending,route_c,type_4,group_n,A12,0.8930574585150248,route_c,type_4,1.0,bad
0<=X<200,27,existing paid,business,3915,<100,1<=X<4,4,male single,none,2,car,36,none,own,1,skilled,2,yes,yes,0,pending,route_c,type_1,group_n,B07,0.01252277287120342,route_c,type_4,0.009172230275829179,bad
no checking,6,existing paid,radio/tv,2108,<100,4<=X<7,2,male mar/wid,none,2,real estate,29,none,rent,1,skilled,1,none,yes,1,closed,route_f,type_4,group_x,B07,1.0,route_c,type_1,1.0,good
0<=X<200,45,existing paid,radio/tv,3031,100<=X<500,1<=X<4,4,male single,guarantor,4,life insurance,21,none,rent,1,skilled,1,none,yes,0,pending,route_c,type_1,group_n,A12,1.0,route_f,type_1,0.020043697577053047,bad
0<=X<200,9,critical/other existing credit,education,1501,<100,>=7,2,female div/dep/mar,none,3,car,34,none,own,2,high qualif/self emp/mgmt,1,yes,yes,0,pending,route_c,type_1,group_n,A12,0.0,route_c,type_1,0.014036439565578,bad
no checking,6,critical/other existing credit,radio/tv,1382,<100,1<=X<4,1,female div/dep/mar,none,1,car,28,none,own,2,skilled,1,yes,yes,1,closed,route_f,type_4,group_n,B07,1.0,route_f,type_4,0.0,good
0<=X<200,12,existing paid,furniture/equipment,951,100<=X<500,<1,4,female div/dep/mar,none,4,car,27,bank,rent,4,skilled,1,none,yes,0,pending,route_c,type_4,group_n,A12,1.0,route_c,type_1,0.9624349543665816,bad
0<=X<200,24,existing paid,used car,2760,no known savings,>=7,4,male single,none,4,no known property,36,bank,for free,1,skilled,1,yes,yes,1,closed,route_f,type_4,group_x,B07,1.0,route_f,type_1,0.723800839488353,good
0<=X<200,18,delayed previously,furniture/equipment,4297,<100,>=7,4,male div/sep,none,3,no known property,40,none,own,1,high qualif/self emp/mgmt,1,yes,yes,0,pending,route_c,type_1,group_x,A12,0.17104311747472156,route_f,type_1,0.3293329796986745,bad
no checking,9,critical/other existing credit,education,936,500<=X<1000,>=7,4,male single,none,2,car,52,none,own,2,skilled,1,yes,yes,1,closed,route_f,type_4,group_x,B07,1.0,route_f,type_1,1.0,good
<0,12,existing paid,new car,1168,<100,1<=X<4,4,male mar/wid,none,3,real estate,27,none,own,1,unskilled resident,1,none,yes,1,closed,route_f,type_4,group_x,B07,0.965247552715372,route_c,type_1,1.0,good
no checking,27,delayed previously,business,5117,<100,4<=X<7,3,male single,none,4,car,26,none,own,2,skilled,1,none,yes,1,closed,route_f,type_4,group_n,B07,1.0,route_f,type_4,0.9517103439388751,good
<0,12,existing paid,retraining,902,<100,4<=X<7,4,male mar/wid,none,4,life insurance,21,none,rent,1,skilled,1,none,yes,0,pending,route_c,type_1,group_n,A12,0.0,route_f,type_4,0.0,bad
no checking,12,critical/other existing credit,new car,1495,<100,>=7,4,male single,none,1,real estate,38,none,own,2,unskilled resident,2,none,yes,0,closed,route_f,type_4,group_x,B07,0.2226406915421294,route_c,type_4,0.86683984724169,good
<0,30,critical/other existing credit,used car,10623,<100,>=7,3,male single,none,4,no known property,38,none,for free,3,high qualif/self emp/mgmt,2,yes,yes,1,closed,route_f,type_4,group_x,A12,1.0,route_f,type_4,1.0,good
no checking,12,critical/other existing credit,furniture/equipment,1935,<100,>=7,4,male single,none,4,real estate,43,none,own,3,skilled,1,yes,yes,1,closed,route_f,type_1,group_x,A12,0.9462523511920491,route_c,type_4,0.0,good
0<=X<200,12,critical/other existing credit,domestic appliance,1424,<100,4<=X<7,4,male single,none,3,life insurance,26,none,own,1,skilled,1,none,yes,1,closed,route_f,type_1,group_n,B07,0.9391010010952049,route_f,type_4,0.0,good
<0,24,existing paid,business,6568,<100,1<=X<4,2,male mar/wid,none,2,car,21,stores,own,1,unskilled resident,1,none,yes,1,closed,route_f,type_1,group_x,A12,0.0,route_f,type_4,1.0,good
no checking,12,existing paid,used car,1413,>=1000,4<=X<7,3,male single,none,2,life insurance,55,none,own,1,skilled,1,none,no,1,closed,route_f,type_1,group_x,A12,1.0,route_c,type_1,1.0,good
no checking,9,critical/other existing credit,radio/tv,3074,no known savings,1<=X<4,1,male single,none,2,real estate,33,none,own,2,skilled,2,none,yes,1,closed,route_f,type_4,group_x,B07,0.0,route_c,type_4,1.0,good
no checking,36,existing paid,radio/tv,3835,no known savings,>=7,2,female div/dep/mar,none,4,real estate,45,none,own,1,unskilled resident,1,yes,yes,1,closed,route_f,type_4,group_x,B07,1.0,route_f,type_4,0.210265470860489,good
<0,27,no credits/all paid,business,5293,<100,unemployed,2,male single,none,4,life insurance,50,stores,own,2,skilled,1,yes,yes,0,pending,route_c,type_1,group_n,A12,0.0,route_c,type_1,1.0,bad
>=200,30,delayed previously,business,1908,<100,>=7,4,male single,none,4,real estate,66,none,own,1,high qualif/self emp/mgmt,1,yes,yes,0,pending,route_c,type_1,group_x,A12,0.016859491988955668,route_c,type_4,0.010719149995842224,bad
no checking,36,critical/other existing credit,radio/tv,3342,no known savings,>=7,4,male single,none,2,car,51,none,own,1,skilled,1,yes,yes,1,closed,route_f,type_1,group_x,B07,1.0,route_c,type_1,0.0,good
0<=X<200,6,critical/other existing credit,retraining,932,no known savings,4<=X<7,1,female div/dep/mar,none,3,life insurance,39,none,own,2,unskilled resident,1,none,yes,1,closed,route_f,type_4,group_x,B07,0.7148272639373682,route_f,type_4,1.0,good
<0,18,no credits/all paid,business,3104,<100,4<=X<7,3,male single,none,1,life insurance,31,bank,own,1,skilled,1,yes,yes,1,closed,route_f,type_4,group_x,B07,1.0,route_f,type_4,0.12586848641493192,good
>=200,36,existing paid,radio/tv,3913,<100,1<=X<4,2,male single,none,2,real estate,23,none,own,1,skilled,1,yes,yes,1,closed,route_f,type_1,group_n,A12,0.9436497113712505,route_f,type_4,0.9726078135453343,good
<0,24,existing paid,furniture/equipment,3021,<100,1<=X<4,2,male div/sep,none,2,real estate,24,none,rent,1,unskilled resident,1,none,yes,1,closed,route_f,type_4,group_x,B07,1.0,route_f,type_4,0.963380685955228,good
no checking,10,existing paid,new car,1364,<100,1<=X<4,2,female div/dep/mar,none,4,car,64,none,own,1,skilled,1,yes,yes,1,closed,route_f,type_4,group_x,A12,1.0,route_c,type_1,0.0,good
0<=X<200,12,existing paid,radio/tv,625,<100,<1,4,male mar/wid,guarantor,1,real estate,26,bank,own,1,unskilled resident,1,none,yes,1,pending,route_f,type_4,group_x,A12,1.0,route_f,type_4,0.0,good
<0,12,existing paid,education,1200,no known savings,1<=X<4,4,female div/dep/mar,none,4,life insurance,23,bank,rent,1,skilled,1,yes,yes,1,closed,route_f,type_4,group_n,B07,1.0,route_f,type_1,0.37222507424012913,good
no checking,12,existing paid,radio/tv,707,<100,1<=X<4,4,male single,none,2,real estate,30,bank,own,2,skilled,1,none,yes,1,closed,route_f,type_4,group_x,A12,1.0,route_f,type_1,0.37955513990072876,good
no checking,24,delayed previously,business,2978,no known savings,1<=X<4,4,male single,none,4,real estate,32,none,own,2,skilled,2,yes,yes,1,closed,route_f,type_4,group_x,A12,0.06877686946214018,route_f,type_4,0.0,good
no checking,15,existing paid,used car,4657,<100,1<=X<4,3,male single,none,2,car,30,none,own,1,skilled,1,yes,yes,1,closed,route_f,type_1,group_x,B07,1.0,route_c,type_4,1.0,good
no checking,36,no credits/all paid,repairs,2613,<100,1<=X<4,4,male single,none,2,car,27,none,own,2,skilled,1,none,yes,1,closed,route_f,type_4,group_x,B07,0.06920839942823415,route_c,type_4,0.0,good
0<=X<200,48,existing paid,radio/tv,10961,>=1000,4<=X<7,1,male single,co applicant,2,no known property,27,bank,own,2,skilled,1,yes,yes,0,pending,route_c,type_1,group_n,B07,0.2603142063845091,route_f,type_1,0.1301214071127394,bad
<0,12,existing paid,furniture/equipment,7865,<100,>=7,4,male single,none,4,no known property,53,none,for free,1,high qualif/self emp/mgmt,1,yes,yes,0,pending,route_c,type_1,group_n,B07,0.11939294633148942,route_c,type_1,1.0,bad
no checking,9,existing paid,radio/tv,1478,<100,4<=X<7,4,male single,none,2,car,22,none,own,1,skilled,1,none,yes,0,pending,route_c,type_1,group_n,A12,0.0,route_f,type_1,0.0,bad
<0,24,existing paid,furniture/equipment,3149,<100,<1,4,male single,none,1,no known property,22,bank,for free,1,skilled,1,none,yes,1,closed,route_f,type_4,group_x,B07,1.0,route_f,type_1,1.0,good
>=200,36,existing paid,radio/tv,4210,<100,1<=X<4,4,male single,none,2,car,26,none,own,1,skilled,1,none,yes,0,pending,route_c,type_1,group_n,A12,0.0,route_f,type_4,0.10915200413562065,bad
no checking,9,existing paid,new car,2507,500<=X<1000,>=7,2,male single,none,4,no known property,51,none,for free,1,unskilled resident,1,none,yes,1,closed,route_f,type_1,group_n,B07,1.0,route_f,type_4,1.0,good
no checking,12,existing paid,radio/tv,2141,100<=X<500,4<=X<7,3,male single,none,1,no known property,35,none,own,1,skilled,1,none,yes,1,closed,route_f,type_4,group_x,B07,1.0,route_f,type_4,0.33267057773931497,good
0<=X<200,18,existing paid,radio/tv,866,<100,1<=X<4,4,male mar/wid,guarantor,2,real estate,25,none,own,1,unskilled resident,1,none,yes,1,closed,route_f,type_1,group_x,B07,1.0,route_f,type_4,1.0,good
no checking,4,critical/other existing credit,radio/tv,1544,<100,4<=X<7,2,male single,none,1,real estate,42,none,own,3,unskilled resident,2,none,yes,1,closed,route_f,type_4,group_n,B07,0.9087765443102823,route_c,type_1,0.0,good
<0,24,existing paid,radio/tv,1823,<100,unemployed,4,male single,none,2,car,30,stores,own,1,high qualif/self emp/mgmt,2,none,yes,0,pending,route_c,type_4,group_n,A12,1.0,route_c,type_1,0.13631766861166245,bad
0<=X<200,6,existing paid,new car,14555,no known savings,unemployed,1,male single,none,2,life insurance,23,none,own,1,unemp/unskilled non res,1,yes,yes,0,pending,route_c,type_1,group_n,A12,0.0,route_f,type_1,0.01705732540952702,bad
0<=X<200,21,existing paid,business,2767,100<=X<500,>=7,4,male div/sep,none,2,car,61,bank,rent,2,unskilled resident,1,none,yes,0,pending,route_c,type_1,group_n,B07,0.20921791228566025,route_c,type_1,0.0,bad
no checking,12,critical/other existing credit,radio/tv,1291,<100,1<=X<4,4,female div/dep/mar,none,2,life insurance,35,none,own,2,skilled,1,none,yes,0,closed,route_f,type_4,group_x,B07,1.0,route_f,type_4,1.0,good
<0,30,existing paid,radio/tv,2522,<100,>=7,1,male single,guarantor,3,life insurance,39,none,own,1,skilled,2,none,yes,1,closed,route_f,type_4,group_x,B07,1.0,route_f,type_4,1.0,good
<0,24,existing paid,new car,915,no known savings,>=7,4,female div/dep/mar,none,2,car,29,bank,own,1,skilled,1,none,yes,0,pending,route_c,type_1,group_n,B07,0.0,route_f,type_4,0.04392805879693958,bad
no checking,6,existing paid,radio/tv,1595,<100,4<=X<7,3,male single,none,2,life insurance,51,none,own,1,skilled,2,none,yes,1,closed,route_f,type_4,group_x,B07,0.9886616199280072,route_f,type_4,0.0,good
<0,48,no credits/all paid,used car,4605,<100,>=7,3,male single,none,4,no known property,24,none,for free,2,skilled,2,none,yes,0,pending,route_c,type_1,group_n,A12,1.0,route_c,type_1,0.9061289704292254,bad
no checking,12,critical/other existing credit,business,1185,<100,1<=X<4,3,female div/dep/mar,none,2,real estate,27,none,own,2,skilled,1,none,yes,1,closed,route_f,type_4,group_x,B07,1.0,route_f,type_1,0.0,good
no checking,12,all paid,retraining,3447,500<=X<1000,1<=X<4,4,female div/dep/mar,none,3,real estate,35,none,own,1,unskilled resident,2,none,yes,1,closed,route_f,type_1,group_x,B07,1.0,route_f,type_4,0.8294050991265324,good
no checking,24,existing paid,business,1258,<100,4<=X<7,4,male single,none,1,real estate,25,none,own,1,skilled,1,yes,yes,1,closed,route_f,type_4,group_x,B07,0.0,route_f,type_4,1.0,good
no checking,12,critical/other existing credit,radio/tv,717,<100,>=7,4,male single,none,4,real estate,52,none,own,3,skilled,1,none,yes,1,closed,route_f,type_4,group_x,B07,1.0,route_c,type_4,0.08466769949934821,good
no checking,6,no credits/all paid,new car,1204,100<=X<500,1<=X<4,4,male single,none,1,no known property,35,bank,rent,1,skilled,1,none,no,1,closed,route_f,type_4,group_n,B07,1.0,route_f,type_4,1.0,good
>=200,24,existing paid,furniture/equipment,1925,<100,1<=X<4,2,male single,none,2,real estate,26,none,own,1,skilled,1,none,yes,1,closed,route_f,type_4,group_x,A12,0.6980737070434901,route_c,type_4,0.0,good
no checking,18,existing paid,radio/tv,433,<100,unemployed,3,female div/dep/mar,co applicant,4,real estate,22,none,rent,1,skilled,1,none,yes,0,pending,route_c,type_1,group_n,A12,0.07808894146708022,route_c,type_4,0.0,bad
<0,6,critical/other existing credit,new car,666,>=1000,4<=X<7,3,female div/dep/mar,none,4,real estate,39,none,own,2,unskilled resident,1,yes,yes,1,closed,route_f,type_4,group_x,B07,0.9557602605558542,route_c,type_4,1.0,good
>=200,12,existing paid,furniture/equipment,2251,<100,1<=X<4,1,female div/dep/mar,none,2,car,46,none,own,1,unskilled resident,1,none,yes,1,closed,route_f,type_4,group_n,A12,0.8791178484966452,route_f,type_4,0.9666895875252337,good
0<=X<200,30,existing paid,new car,2150,<100,1<=X<4,4,female div/dep/mar,guarantor,2,no known property,24,bank,own,1,skilled,1,none,yes,0,pending,route_c,type_1,group_n,A12,0.04459210971656736,route_c,type_1,0.006101533423455872,bad
no checking,24,delayed previously,furniture/equipment,4151,100<=X<500,1<=X<4,2,male single,none,3,life insurance,35,none,own,2,skilled,1,none,yes,1,closed,route_f,type_4,group_x,B07,1.0,route_c,type_4,0.0,good
0<=X<200,9,existing paid,furniture/equipment,2030,no known savings,4<=X<7,2,male single,none,1,car,24,none,own,1,skilled,1,yes,yes,1,closed,route_f,type_1,group_x,B07,1.0,route_f,type_1,0.2294387407911328,good
0<=X<200,60,delayed previously,radio/tv,7418,no known savings,1<=X<4,1,male single,none,1,real estate,27,none,own,1,unskilled resident,1,none,yes,1,closed,route_f,type_4,group_n,B07,0.9820975234048717,route_f,type_4,1.0,good
no checking,24,critical/other existing credit,radio/tv,2684,<100,1<=X<4,4,male single,none,2,real estate,35,none,own,2,unskilled resident,1,none,yes,1,closed,route_f,type_1,group_n,B07,1.0,route_f,type_1,1.0,good
<0,12,all paid,radio/tv,2149,<100,1<=X<4,4,male div/sep,none,1,no known property,29,none,for free,1,skilled,1,none,yes,0,pending,route_c,type_1,group_n,A12,1.0,route_c,type_4,1.0,bad
no checking,15,existing paid,used car,3812,100<=X<500,<1,1,female div/dep/mar,none,4,car,23,none,own,1,skilled,1,yes,yes,1,closed,route_f,type_4,group_x,B07,0.9884233066596554,route_c,type_4,0.8233317145584772,good
no checking,11,critical/other existing credit,radio/tv,1154,100<=X<500,unemployed,4,female div/dep/mar,none,4,real estate,57,none,own,3,unskilled resident,1,none,yes,1,closed,route_f,type_1,group_x,B07,0.9081668268615625,route_f,type_4,1.0,good
<0,12,existing paid,furniture/equipment,1657,<100,1<=X<4,2,male single,none,2,real estate,27,none,own,1,skilled,1,none,yes,1,closed,route_f,type_1,group_x,B07,0.9158314908762912,route_f,type_4,1.0,good
<0,24,existing paid,radio/tv,1603,<100,>=7,4,female div/dep/mar,none,4,car,55,none,own,1,skilled,1,none,yes,1,closed,route_f,type_4,group_x,B07,0.11101556872502816,route_f,type_4,0.9075265562680411,good
<0,18,critical/other existing credit,new car,5302,<100,>=7,2,male single,none,4,no known property,36,none,for free,3,high qualif/self emp/mgmt,1,yes,yes,1,closed,route_f,type_1,group_x,B07,0.0,route_f,type_1,1.0,good
no checking,12,critical/other existing credit,education,2748,<100,>=7,2,female div/dep/mar,none,4,no known property,57,bank,for free,3,unskilled resident,1,none,yes,1,closed,route_f,type_4,group_x,B07,0.861380855885697,route_c,type_4,0.0,good
no checking,10,critical/other existing credit,new car,1231,<100,>=7,3,male single,none,4,real estate,32,none,own,2,unskilled resident,2,none,no,1,closed,route_f,type_4,group_x,B07,0.776755674295041,route_c,type_1,0.28566743914570286,good
0<=X<200,15,existing paid,radio/tv,802,<100,>=7,4,male single,none,3,car,37,none,own,1,skilled,2,none,yes,0,pending,route_c,type_1,group_n,B07,0.11021766740277028,route_c,type_1,0.2993526293503595,bad
no checking,36,critical/other existing credit,business,6304,no known savings,>=7,4,male single,none,4,real estate,36,none,own,2,skilled,1,none,yes,1,closed,route_f,type_4,group_x,B07,0.0,route_f,type_4,0.8133997387345862,good
no checking,24,existing paid,radio/tv,1533,<100,<1,4,female div/dep/mar,none,3,car,38,stores,own,1,skilled,1,yes,yes,1,closed,route_f,type_4,group_x,B07,1.0,route_c,type_4,1.0,good
<0,14,existing paid,new car,8978,<100,>=7,1,male div/sep,none,4,life insurance,45,none,own,1,high qualif/self emp/mgmt,1,yes,no,0,pending,route_c,type_1,group_n,A12,1.0,route_f,type_4,1.0,bad
no checking,24,existing paid,radio/tv,999,no known savings,>=7,4,male single,none,2,car,25,none,own,2,skilled,1,none,yes,1,closed,route_f,type_1,group_x,B07,0.0,route_f,type_4,0.5295191129162321,good
no checking,18,existing paid,new car,2662,no known savings,4<=X<7,4,male single,none,3,life insurance,32,none,own,1,skilled,1,none,no,1,closed,route_f,type_4,group_x,B07,0.9940192970820481,route_f,type_4,0.849684023679144,good
no checking,12,critical/other existing credit,furniture/equipment,1402,500<=X<1000,4<=X<7,3,female div/dep/mar,none,4,car,37,none,rent,1,skilled,1,yes,yes,1,closed,route_f,type_4,group_x,B07,0.9773830256259998,route_f,type_4,1.0,good
0<=X<200,48,all paid,new car,12169,no known savings,unemployed,4,male single,co applicant,4,no known property,36,none,for free,1,high qualif/self emp/mgmt,1,yes,yes,1,closed,route_f,type_4,group_x,B07,1.0,route_c,type_1,0.0035125686517947187,good
0<=X<200,48,existing paid,radio/tv,3060,<100,4<=X<7,4,male single,none,4,real estate,28,none,own,2,skilled,1,none,yes,0,pending,route_c,type_1,group_n,A12,1.0,route_c,type_4,0.7486237528249347,bad
<0,30,existing paid,repairs,11998,<100,<1,1,male div/sep,none,1,no known property,34,none,own,1,unskilled resident,1,yes,yes,0,pending,route_c,type_1,group_n,A12,0.823847634557231,route_c,type_1,0.0,bad
no checking,9,existing paid,radio/tv,2697,<100,1<=X<4,1,male single,none,2,real estate,32,none,own,1,skilled,2,none,yes,1,closed,route_f,type_4,group_n,B07,1.0,route_f,type_1,1.0,good
no checking,18,critical/other existing credit,radio/tv,2404,<100,1<=X<4,2,female div/dep/mar,none,2,car,26,none,own,2,skilled,1,none,yes,1,closed,route_f,type_4,group_x,B07,1.0,route_c,type_4,0.785574735894154,good
<0,12,existing paid,furniture/equipment,1262,no known savings,>=7,2,male div/sep,none,4,life insurance,49,none,own,1,unskilled resident,1,yes,yes,1,closed,route_f,type_4,group_x,B07,0.9753050390257263,route_c,type_4,1.0,good
no checking,6,existing paid,furniture/equipment,4611,<100,<1,1,female div/dep/mar,none,4,life insurance,32,none,own,1,skilled,1,none,yes,0,pending,route_c,type_1,group_n,A12,0.0,route_f,type_4,0.1939563742384628,bad
no checking,24,existing paid,radio/tv,1901,100<=X<500,1<=X<4,4,male single,none,4,car,29,none,rent,1,high qualif/self emp/mgmt,1,yes,yes,1,closed,route_f,type_1,group_x,B07,0.05544454139050221,route_f,type_4,0.04823563244755752,good
no checking,15,critical/other existing credit,used car,3368,>=1000,>=7,3,male single,none,4,no known property,23,none,rent,2,skilled,1,yes,yes,1,closed,route_f,type_4,group_n,B07,1.0,route_f,type_4,0.890276571900575,good
no checking,12,existing paid,furniture/equipment,1574,<100,1<=X<4,4,male single,none,2,real estate,50,none,own,1,skilled,1,none,yes,1,closed,route_f,type_1,group_x,B07,1.0,route_c,type_1,0.9699344061475894,good
>=200,18,all paid,radio/tv,1445,no known savings,4<=X<7,4,male single,none,4,car,49,bank,own,1,unskilled resident,1,none,yes,1,closed,route_f,type_4,group_x,B07,1.0,route_f,type_4,0.9990799702493262,good
no checking,15,critical/other existing credit,furniture/equipment,1520,no known savings,>=7,4,male single,none,4,life insurance,63,none,own,1,skilled,1,none,yes,1,closed,route_f,type_1,group_n,B07,0.0,route_f,type_1,1.0,good
0<=X<200,24,critical/other existing credit,new car,3878,100<=X<500,<1,4,male div/sep,none,2,car,37,none,own,1,skilled,1,yes,yes,1,closed,route_f,type_4,group_x,B07,1.0,route_c,type_4,1.0,good
<0,47,existing paid,new car,10722,<100,<1,1,female div/dep/mar,none,1,real estate,35,none,own,1,unskilled resident,1,yes,yes,1,closed,route_f,type_4,group_x,A12,1.0,route_f,type_4,1.0,good
<0,48,existing paid,used car,4788,<100,4<=X<7,4,male single,none,3,life insurance,26,none,own,1,skilled,2,none,yes,1,closed,route_f,type_4,group_x,B07,1.0,route_f,type_4,0.0,good
0<=X<200,48,delayed previously,other,7582,100<=X<500,unemployed,2,male single,none,4,no known property,31,none,for free,1,high qualif/self emp/mgmt,1,yes,yes,1,closed,route_f,type_4,group_x,B07,0.8020244218821692,route_f,type_1,0.88612998292229,good
0<=X<200,12,existing paid,radio/tv,1092,<100,1<=X<4,4,female div/dep/mar,guarantor,4,real estate,49,none,own,2,skilled,1,yes,yes,1,closed,route_f,type_1,group_x,B07,0.984796193954988,route_f,type_4,0.03361926280656893,good
<0,24,delayed previously,radio/tv,1024,<100,<1,4,male mar/wid,none,4,real estate,48,stores,own,1,skilled,1,none,yes,0,pending,route_c,type_1,group_n,A12,0.025758778694625308,route_c,type_4,1.0,bad
no checking,12,existing paid,business,1076,<100,1<=X<4,2,male mar/wid,none,2,real estate,26,none,own,1,skilled,1,yes,no,1,closed,route_f,type_4,group_n,B07,0.8483404684932467,route_c,type_4,1.0,good
0<=X<200,36,existing paid,used car,9398,<100,<1,1,male mar/wid,none,4,car,28,none,rent,1,high qualif/self emp/mgmt,1,yes,yes,0,pending,route_c,type_1,group_x,A12,0.0,route_f,type_4,0.35937378167145967,bad
<0,24,critical/other existing credit,used car,6419,<100,>=7,2,female div/dep/mar,none,4,no known property,44,none,for free,2,high qualif/self emp/mgmt,2,yes,yes,1,closed,route_f,type_4,group_n,B07,0.8132585561484932,route_c,type_4,1.0,good
>=200,42,critical/other existing credit,used car,4796,<100,>=7,4,male single,none,4,no known property,56,none,for free,1,skilled,1,none,yes,1,closed,route_f,type_4,group_x,B07,1.0,route_c,type_1,1.0,good
no checking,48,critical/other existing credit,business,7629,no known savings,>=7,4,male div/sep,none,2,car,46,bank,own,2,high qualif/self emp/mgmt,2,none,yes,1,closed,route_f,type_4,group_x,B07,0.021989079224521795,route_f,type_4,0.7054715392833988,good
0<=X<200,48,existing paid,furniture/equipment,9960,<100,<1,1,female div/dep/mar,none,2,car,26,none,own,1,skilled,1,yes,yes,0,pending,route_c,type_1,group_n,A12,0.0,route_c,type_1,1.0,bad
no checking,12,existing paid,used car,4675,no known savings,<1,1,female div/dep/mar,none,4,car,20,none,rent,1,skilled,1,none,yes,1,closed,route_f,type_4,group_x,B07,1.0,route_f,type_1,0.7822590194541755,good
no checking,10,existing paid,new car,1287,no known savings,>=7,4,male single,co applicant,2,life insurance,45,none,own,1,unskilled resident,1,none,no,1,closed,route_f,type_4,group_x,B07,0.9925125644707864,route_c,type_4,0.9873358128596632,good
no checking,18,existing paid,furniture/equipment,2515,<100,1<=X<4,3,male single,none,4,real estate,43,none,own,1,skilled,1,yes,yes,1,closed,route_c,type_4,group_x,B07,1.0,route_f,type_1,1.0,good
0<=X<200,21,critical/other existing credit,furniture/equipment,2745,>=1000,4<=X<7,3,male single,none,2,car,32,none,own,2,skilled,1,yes,yes,1,closed,route_f,type_1,group_x,A12,0.9481219525274058,route_c,type_4,1.0,good
no checking,6,existing paid,new car,672,<100,unemployed,1,female div/dep/mar,none,4,real estate,54,none,own,1,unemp/unskilled non res,1,yes,yes,1,closed,route_f,type_4,group_x,B07,0.8938039794015493,route_f,type_1,0.8250778231159834,good
0<=X<200,36,no credits/all paid,radio/tv,3804,<100,1<=X<4,4,female div/dep/mar,none,1,car,42,none,own,1,skilled,1,yes,yes,0,pending,route_c,type_1,group_n,A12,0.0,route_f,type_4,1.0,bad
>=200,24,critical/other existing credit,new car,1344,no known savings,4<=X<7,4,male single,none,2,real estate,37,bank,own,2,unskilled resident,2,none,yes,0,pending,route_c,type_1,group_n,A12,0.0,route_c,type_1,0.0,bad
<0,10,critical/other existing credit,new car,1038,<100,4<=X<7,4,male single,co applicant,3,life insurance,49,none,own,2,skilled,1,yes,yes,1,closed,route_f,type_4,group_x,B07,1.0,route_f,type_4,0.0,good
no checking,48,critical/other existing credit,new car,10127,500<=X<1000,1<=X<4,2,male single,none,2,no known property,44,bank,for free,1,skilled,1,none,yes,0,pending,route_c,type_1,group_x,B07,0.019604496668784947,route_f,type_1,1.0,bad
no checking,6,existing paid,furniture/equipment,1543,>=1000,1<=X<4,4,male div/sep,none,2,real estate,33,none,own,1,skilled,1,none,yes,1,closed,route_f,type_1,group_n,B07,0.0,route_f,type_4,0.21602943531901744,good
no checking,30,existing paid,used car,4811,no known savings,4<=X<7,2,female div/dep/mar,none,4,life insurance,24,stores,rent,1,unskilled resident,1,none,yes,1,closed,route_f,type_1,group_x,B07,0.9439101597579612,route_f,type_1,0.06997116656163835,good
<0,12,existing paid,radio/tv,727,100<=X<500,<1,4,male mar/wid,none,3,no known property,33,none,own,1,unskilled resident,1,yes,yes,0,pending,route_c,type_4,group_n,A12,0.0,route_c,type_4,0.0,bad
0<=X<200,8,existing paid,furniture/equipment,1237,<100,1<=X<4,3,female div/dep/mar,none,4,real estate,24,none,own,1,skilled,1,none,yes,0,pending,route_c,type_1,group_n,A12,0.33227353407966864,route_c,type_1,0.0,bad
0<=X<200,9,existing paid,new car,276,<100,1<=X<4,4,male mar/wid,none,4,real estate,22,none,rent,1,unskilled resident,1,none,yes,1,closed,route_f,type_1,group_x,B07,0.8978789174264873,route_c,type_4,1.0,good
0<=X<200,48,existing paid,other,5381,no known savings,unemployed,3,male single,none,4,no known property,40,bank,for free,1,unemp/unskilled non res,1,yes,yes,1,closed,route_f,type_4,group_x,B07,0.9260687088676295,route_f,type_1,1.0,good
no checking,24,existing paid,furniture/equipment,5511,100<=X<500,1<=X<4,4,male single,none,1,car,25,stores,own,1,skilled,1,none,yes,1,closed,route_f,type_4,group_x,B07,1.0,route_c,type_4,0.37573195855286534,good
>=200,24,existing paid,furniture/equipment,3749,<100,<1,2,female div/dep/mar,none,4,car,26,none,own,1,skilled,1,none,yes,1,closed,route_f,type_4,group_x,B07,1.0,route_f,type_4,0.4902400494209145,good
0<=X<200,12,existing paid,new car,685,<100,4<=X<7,2,male mar/wid,none,3,car,25,bank,own,1,unskilled resident,1,none,yes,0,closed,route_c,type_1,group_n,A12,0.0,route_f,type_1,1.0,bad
>=200,4,existing paid,new car,1494,no known savings,<1,1,male single,none,2,real estate,29,none,own,1,unskilled resident,2,none,no,1,closed,route_f,type_4,group_n,B07,1.0,route_f,type_4,1.0,good
<0,36,all paid,furniture/equipment,2746,<100,>=7,4,male single,none,4,car,31,bank,own,1,skilled,1,none,yes,0,pending,route_c,type_4,group_n,A12,0.0,route_c,type_1,0.22005569972054626,bad
<0,12,existing paid,furniture/equipment,708,<100,1<=X<4,2,male single,guarantor,3,life insurance,38,none,own,1,unskilled resident,2,none,yes,1,closed,route_f,type_4,group_x,A12,1.0,route_c,type_4,1.0,good
0<=X<200,24,existing paid,furniture/equipment,4351,no known savings,1<=X<4,1,female div/dep/mar,none,4,life insurance,48,none,own,1,unskilled resident,1,yes,yes,1,closed,route_f,type_1,group_x,B07,0.9720474979833847,route_f,type_4,0.151248995087654,good
no checking,12,critical/other existing credit,education,701,<100,1<=X<4,4,male single,none,2,car,32,none,own,2,skilled,1,none,yes,1,closed,route_f,type_1,group_x,B07,0.9417270499426535,route_f,type_1,0.9141959978586027,good
<0,15,delayed previously,furniture/equipment,3643,<100,>=7,1,female div/dep/mar,none,4,life insurance,27,none,own,2,unskilled resident,1,none,yes,1,closed,route_f,type_4,group_x,B07,1.0,route_c,type_1,0.7509664468968067,good
0<=X<200,30,critical/other existing credit,new car,4249,<100,unemployed,4,male mar/wid,none,2,car,28,none,own,2,high qualif/self emp/mgmt,1,none,yes,0,pending,route_c,type_4,group_n,B07,0.07504817922734995,route_c,type_4,0.0567471382483223,bad
<0,24,existing paid,radio/tv,1938,<100,<1,4,male div/sep,none,3,life insurance,32,none,own,1,skilled,1,none,yes,0,pending,route_c,type_1,group_n,A12,0.12892110046202,route_c,type_1,1.0,bad
<0,24,existing paid,used car,2910,<100,4<=X<7,2,male single,none,1,no known property,34,none,for free,1,high qualif/self emp/mgmt,1,yes,yes,1,pending,route_f,type_4,group_x,B07,1.0,route_f,type_1,0.8688199819274187,good
<0,18,existing paid,furniture/equipment,2659,>=1000,1<=X<4,4,male single,none,2,car,28,none,own,1,skilled,1,none,yes,1,closed,route_f,type_4,group_n,A12,0.0,route_f,type_4,0.8525751410489952,good
no checking,18,critical/other existing credit,new car,1028,<100,1<=X<4,4,female div/dep/mar,none,3,real estate,36,none,own,2,skilled,1,none,yes,1,closed,route_f,type_4,group_x,A12,1.0,route_f,type_4,1.0,good
<0,8,critical/other existing credit,new car,3398,<100,4<=X<7,1,male single,none,4,real estate,39,none,own,2,unskilled resident,1,none,no,1,closed,route_f,type_4,group_x,A12,1.0,route_f,type_4,0.907407845958929,good
no checking,12,critical/other existing credit,furniture/equipment,5801,no known savings,>=7,2,male single,none,4,life insurance,49,none,rent,1,skilled,1,yes,yes,1,closed,route_f,type_4,group_n,B07,1.0,route_c,type_4,0.9168616174485336,good
no checking,24,existing paid,new car,1525,>=1000,4<=X<7,4,female div/dep/mar,none,3,car,34,none,own,1,skilled,2,yes,yes,1,closed,route_f,type_4,group_x,B07,1.0,route_c,type_4,0.9244382847283861,good
>=200,36,existing paid,radio/tv,4473,<100,>=7,4,male single,none,2,car,31,none,own,1,skilled,1,none,yes,1,closed,route_f,type_4,group_x,B07,1.0,route_c,type_1,0.986841351349428,good
0<=X<200,6,existing paid,radio/tv,1068,<100,>=7,4,male single,none,4,car,28,none,own,1,skilled,2,none,yes,1,closed,route_f,type_4,group_x,B07,1.0,route_f,type_4,0.0,good
<0,24,critical/other existing credit,used car,6615,<100,unemployed,2,male single,none,4,no known property,75,none,for free,2,high qualif/self emp/mgmt,1,yes,yes,1,closed,route_f,type_4,group_n,B07,1.0,route_f,type_4,0.8907836272103207,good
no checking,18,critical/other existing credit,education,1864,100<=X<500,1<=X<4,4,female div/dep/mar,none,2,real estate,30,none,own,2,skilled,1,none,yes,0,pending,route_c,type_1,group_n,A12,0.01818391958821028,route_c,type_4,0.046649523875793686,bad
0<=X<200,60,existing paid,new car,7408,100<=X<500,<1,4,female div/dep/mar,none,2,life insurance,24,none,own,1,high qualif/self emp/mgmt,1,none,yes,0,pending,route_c,type_4,group_x,A12,0.0,route_f,type_1,0.04520568207540293,bad
no checking,48,critical/other existing credit,used car,11590,100<=X<500,1<=X<4,2,female div/dep/mar,none,4,car,24,bank,rent,2,unskilled resident,1,none,yes,0,pending,route_c,type_1,group_n,A12,0.0,route_c,type_1,0.2344935931473664,bad
<0,24,no credits/all paid,furniture/equipment,4110,<100,>=7,3,male single,none,4,no known property,23,bank,rent,2,skilled,2,none,yes,0,pending,route_c,type_1,group_n,A12,0.02930720930770465,route_c,type_4,0.3724769249944479,bad
<0,6,critical/other existing credit,furniture/equipment,3384,<100,1<=X<4,1,male div/sep,none,4,real estate,44,none,rent,1,high qualif/self emp/mgmt,1,yes,yes,0,pending,route_c,type_1,group_x,A12,0.0,route_c,type_1,0.3062778979495416,bad
0<=X<200,13,existing paid,radio/tv,2101,<100,<1,2,female div/dep/mar,guarantor,4,life insurance,23,none,own,1,unskilled resident,1,none,yes,1,closed,route_f,type_4,group_n,B07,1.0,route_c,type_4,1.0,good
<0,15,existing paid,domestic appliance,1275,no known savings,1<=X<4,4,female div/dep/mar,none,2,car,24,none,rent,1,skilled,1,none,yes,0,pending,route_c,type_1,group_x,A12,0.002823242472052221,route_c,type_1,0.0,bad
<0,24,existing paid,furniture/equipment,4169,<100,1<=X<4,4,male single,none,4,life insurance,28,none,own,1,skilled,1,none,yes,1,closed,route_f,type_4,group_x,B07,1.0,route_c,type_1,0.8738285133337318,good
0<=X<200,10,existing paid,furniture/equipment,1521,<100,1<=X<4,4,male div/sep,none,2,car,31,none,own,1,unskilled resident,1,none,yes,1,closed,route_f,type_4,group_x,B07,1.0,route_c,type_1,1.0,good
0<=X<200,24,critical/other existing credit,education,5743,<100,<1,2,female div/dep/mar,none,4,no known property,24,none,for free,2,skilled,1,yes,yes,1,closed,route_f,type_4,group_n,B07,1.0,route_f,type_4,1.0,good
<0,21,existing paid,furniture/equipment,3599,<100,4<=X<7,1,female div/dep/mar,none,4,car,26,none,rent,1,unskilled resident,1,none,yes,1,closed,route_f,type_4,group_n,A12,0.8188442919024852,route_f,type_4,0.1664424041447477,good
0<=X<200,18,existing paid,radio/tv,3213,500<=X<1000,<1,1,male mar/wid,none,3,real estate,25,none,rent,1,skilled,1,none,yes,1,closed,route_f,type_4,group_x,B07,1.0,route_f,type_4,1.0,good
0<=X<200,18,existing paid,business,4439,<100,>=7,1,male single,co applicant,1,real estate,33,bank,own,1,high qualif/self emp/mgmt,1,yes,yes,1,closed,route_f,type_1,group_x,B07,0.9811994426893236,route_f,type_4,0.0,good
>=200,10,existing paid,new car,3949,<100,<1,1,male single,guarantor,1,life insurance,37,none,own,1,unskilled resident,2,none,yes,1,closed,route_f,type_4,group_x,B07,0.989282544885395,route_f,type_1,0.15933960356805796,good
no checking,15,critical/other existing credit,radio/tv,1459,<100,1<=X<4,4,female div/dep/mar,none,2,car,43,none,own,1,unskilled resident,1,none,yes,1,closed,route_f,type_4,group_x,A12,0.9546159875473311,route_c,type_4,1.0,good
0<=X<200,13,critical/other existing credit,radio/tv,882,<100,<1,4,male single,guarantor,4,real estate,23,none,own,2,skilled,1,none,yes,1,closed,route_f,type_4,group_x,B07,0.9352854555713164,route_f,type_4,1.0,good
0<=X<200,24,existing paid,radio/tv,3758,500<=X<1000,unemployed,1,female div/dep/mar,none,4,no known property,23,none,rent,1,unemp/unskilled non res,1,none,yes,1,closed,route_f,type_4,group_x,B07,1.0,route_c,type_4,0.9935173563294117,good
no checking,6,delayed previously,business,1743,100<=X<500,1<=X<4,1,male single,none,2,real estate,34,none,own,2,unskilled resident,1,none,yes,1,closed,route_f,type_4,group_x,B07,1.0,route_c,type_4,0.8311456397675336,good
0<=X<200,9,critical/other existing credit,education,1136,>=1000,>=7,4,male single,none,3,no known property,32,none,for free,2,skilled,2,none,yes,0,pending,route_c,type_1,group_n,A12,0.05888212597404139,route_c,type_1,0.8263425955489082,bad
no checking,9,existing paid,domestic appliance,1236,<100,<1,1,female div/dep/mar,none,4,real estate,23,none,rent,1,skilled,1,yes,yes,1,closed,route_f,type_1,group_x,B07,0.9857562295379289,route_f,type_1,0.0,good
0<=X<200,9,existing paid,furniture/equipment,959,<100,1<=X<4,1,female div/dep/mar,none,2,car,29,none,own,1,skilled,1,none,no,0,pending,route_c,type_4,group_x,A12,0.0820331330143223,route_f,type_1,1.0,bad
no checking,18,critical/other existing credit,used car,3229,no known savings,unemployed,2,male single,none,4,no known property,38,none,own,1,high qualif/self emp/mgmt,1,yes,yes,1,closed,route_f,type_1,group_x,B07,1.0,route_f,type_4,0.10526026009501574,good
<0,12,no credits/all paid,radio/tv,6199,<100,1<=X<4,4,male single,none,2,life insurance,28,none,rent,2,skilled,1,yes,yes,0,pending,route_c,type_1,group_x,A12,0.0,route_c,type_1,0.0,bad
no checking,10,existing paid,education,727,500<=X<1000,>=7,4,male single,none,4,no known property,46,none,for free,1,skilled,1,yes,yes,1,closed,route_f,type_4,group_x,B07,1.0,route_f,type_1,0.897940990556381,good
0<=X<200,24,existing paid,new car,1246,<100,<1,4,male single,none,2,real estate,23,stores,own,1,unskilled resident,1,none,yes,0,pending,route_c,type_1,group_n,A12,0.0,route_c,type_1,0.049265306724342255,bad
no checking,12,critical/other existing credit,radio/tv,2331,no known savings,>=7,1,male single,co applicant,4,real estate,49,none,own,1,skilled,1,yes,yes,1,closed,route_f,type_4,group_x,B07,1.0,route_f,type_1,0.0,good
no checking,36,delayed previously,radio/tv,4463,<100,1<=X<4,4,male single,none,2,car,26,none,own,2,high qualif/self emp/mgmt,1,yes,yes,0,pending,route_c,type_1,group_n,A12,0.027059272644866707,route_c,type_4,0.08786559099456993,bad
no checking,12,existing paid,radio/tv,776,<100,1<=X<4,4,male mar/wid,none,2,real estate,28,none,own,1,skilled,1,none,yes,1,closed,route_f,type_4,group_x,B07,1.0,route_f,type_1,0.0,good
<0,30,existing paid,furniture/equipment,2406,<100,4<=X<7,4,female div/dep/mar,none,4,real estate,23,none,rent,1,skilled,1,none,yes,0,pending,route_c,type_1,group_n,A12,0.0,route_c,type_1,0.0,bad
0<=X<200,18,existing paid,education,1239,no known savings,1<=X<4,4,male single,none,4,no known property,61,none,for free,1,skilled,1,none,yes,1,closed,route_f,type_4,group_x,B07,1.0,route_f,type_4,1.0,good
>=200,12,existing paid,radio/tv,3399,no known savings,>=7,2,male single,none,3,car,37,none,own,1,high qualif/self emp/mgmt,1,none,yes,1,closed,route_f,type_4,group_x,A12,0.879913727184058,route_c,type_4,0.07943676673976786,good
>=200,12,delayed previously,new car,2247,<100,1<=X<4,2,female div/dep/mar,none,2,car,36,stores,own,2,skilled,1,yes,yes,1,closed,route_f,type_4,group_x,A12,0.9241349186601859,route_c,type_4,0.8281728948603396,good
no checking,6,existing paid,furniture/equipment,1766,<100,1<=X<4,1,male mar/wid,none,2,life insurance,21,none,rent,1,skilled,1,none,yes,1,closed,route_f,type_4,group_x,B07,0.0,route_c,type_4,0.9508709930876553,good
<0,18,existing paid,furniture/equipment,2473,<100,unemployed,4,male single,none,1,car,25,none,own,1,unemp/unskilled non res,1,none,yes,0,pending,route_c,type_1,group_n,A12,0.0,route_c,type_1,1.0,bad
no checking,12,existing paid,business,1542,<100,4<=X<7,2,male single,none,4,car,36,none,own,1,skilled,1,yes,yes,1,closed,route_f,type_4,group_n,B07,1.0,route_f,type_4,0.8456767378783546,good
no checking,18,critical/other existing credit,used car,3850,<100,4<=X<7,3,male single,none,1,car,27,none,own,2,skilled,1,none,yes,1,closed,route_f,type_4,group_x,B07,0.8716005469048519,route_f,type_4,0.6643042398141599,good
<0,18,existing paid,furniture/equipment,3650,<100,<1,1,female div/dep/mar,none,4,car,22,none,rent,1,skilled,1,none,yes,1,closed,route_f,type_4,group_x,B07,0.907393585293616,route_f,type_1,0.0,good
<0,36,existing paid,furniture/equipment,3446,<100,>=7,4,male single,none,2,car,42,none,own,1,skilled,2,none,yes,0,pending,route_c,type_4,group_x,A12,0.1663415216394801,route_c,type_4,0.9153447000284637,bad
0<=X<200,18,existing paid,furniture/equipment,3001,<100,4<=X<7,2,female div/dep/mar,none,4,real estate,40,none,rent,1,skilled,1,none,yes,1,closed,route_f,type_4,group_x,B07,0.9243977920043913,route_f,type_4,0.7330202990482095,good
no checking,36,existing paid,new car,3079,no known savings,1<=X<4,4,male single,none,4,real estate,36,none,own,1,skilled,1,none,yes,1,closed,route_f,type_4,group_x,A12,0.9750710942192022,route_f,type_4,0.9295863162268102,good
no checking,18,critical/other existing credit,radio/tv,6070,<100,>=7,3,male single,none,4,car,33,none,own,2,skilled,1,yes,yes,1,closed,route_f,type_1,group_n,B07,0.0,route_f,type_4,1.0,good
no checking,10,critical/other existing credit,furniture/equipment,2146,<100,<1,1,female div/dep/mar,none,3,real estate,23,none,rent,2,skilled,1,none,yes,1,closed,route_f,type_4,group_x,A12,1.0,route_f,type_1,0.7208338264930421,good
no checking,60,critical/other existing credit,new car,13756,no known savings,>=7,2,male single,none,4,no known property,63,bank,for free,1,high qualif/self emp/mgmt,1,yes,yes,1,closed,route_f,type_4,group_x,B07,1.0,route_c,type_4,0.9427725175757656,good
0<=X<200,60,all paid,other,14782,100<=X<500,>=7,3,female div/dep/mar,none,4,no known property,60,bank,for free,2,high qualif/self emp/mgmt,1,yes,yes,0,pending,route_c,type_1,group_n,A12,0.09791033229635669,route_c,type_1,0.4317916722399553,bad
<0,48,all paid,business,7685,<100,4<=X<7,2,female div/dep/mar,guarantor,4,car,37,none,rent,1,skilled,1,none,yes,0,pending,route_c,type_1,group_n,A12,0.07122270223569754,route_c,type_1,1.0,bad
no checking,18,delayed previously,radio/tv,2320,<100,unemployed,2,male mar/wid,none,3,real estate,34,none,own,2,skilled,1,none,yes,1,closed,route_f,type_1,group_x,B07,1.0,route_f,type_4,0.9255360342861911,good
no checking,7,delayed previously,radio/tv,846,no known savings,>=7,3,male single,none,4,no known property,36,none,for free,1,skilled,1,none,yes,1,closed,route_f,type_4,group_x,B07,0.930520091630717,route_f,type_4,0.9682312665098542,good
0<=X<200,36,existing paid,new car,14318,<100,>=7,4,male single,none,2,no known property,57,none,for free,1,high qualif/self emp/mgmt,1,yes,yes,0,pending,route_c,type_1,group_n,A12,0.0,route_c,type_1,0.08694590794963876,bad
no checking,6,critical/other existing credit,new car,362,100<=X<500,1<=X<4,4,female div/dep/mar,none,4,car,52,none,own,2,unskilled resident,1,none,yes,1,closed,route_f,type_4,group_n,B07,1.0,route_f,type_4,1.0,good
<0,20,existing paid,furniture/equipment,2212,no known savings,4<=X<7,4,male single,none,4,car,39,none,own,1,skilled,1,yes,yes,1,closed,route_f,type_4,group_x,B07,1.0,route_c,type_4,0.0,good
0<=X<200,18,existing paid,used car,12976,<100,unemployed,3,female div/dep/mar,none,4,no known property,38,none,for free,1,high qualif/self emp/mgmt,1,yes,yes,0,pending,route_c,type_1,group_n,A12,0.0,route_c,type_1,0.0,bad
no checking,22,existing paid,new car,1283,no known savings,4<=X<7,4,female div/dep/mar,none,4,life insurance,25,none,rent,1,skilled,1,none,yes,1,closed,route_f,type_4,group_x,B07,1.0,route_f,type_4,0.720791231612004,good
>=200,12,existing paid,new car,1330,<100,<1,4,male single,none,1,real estate,26,none,own,1,skilled,1,none,yes,1,closed,route_c,type_4,group_x,B07,0.9602347501794858,route_f,type_4,0.020876946583235315,good
no checking,30,delayed previously,business,4272,100<=X<500,1<=X<4,2,male single,none,2,life insurance,26,none,own,2,unskilled resident,1,none,yes,1,closed,route_f,type_4,group_x,B07,0.850512081493988,route_f,type_4,0.0,good
no checking,18,critical/other existing credit,radio/tv,2238,<100,1<=X<4,2,female div/dep/mar,none,1,car,25,none,own,2,skilled,1,none,yes,1,closed,route_f,type_4,group_x,B07,1.0,route_c,type_4,0.9060840184735865,good
no checking,18,existing paid,radio/tv,1126,no known savings,<1,4,female div/dep/mar,none,2,real estate,21,none,rent,1,skilled,1,yes,yes,1,closed,route_f,type_4,group_x,A12,0.9449472219883066,route_f,type_1,0.8159916031751536,good
0<=X<200,18,critical/other existing credit,furniture/equipment,7374,<100,unemployed,4,male single,none,4,life insurance,40,stores,own,2,high qualif/self emp/mgmt,1,yes,yes,1,closed,route_f,type_4,group_x,B07,0.0,route_f,type_4,1.0,good
0<=X<200,15,critical/other existing credit,business,2326,500<=X<1000,1<=X<4,2,male single,none,4,car,27,bank,own,1,skilled,1,none,yes,1,closed,route_f,type_4,group_x,B07,0.8040149365762166,route_f,type_4,0.0,good
no checking,9,existing paid,business,1449,<100,4<=X<7,3,female div/dep/mar,none,2,car,27,none,own,2,skilled,1,none,yes,1,closed,route_f,type_4,group_x,B07,0.7927960362227485,route_f,type_1,1.0,good
no checking,18,existing paid,new car,1820,<100,1<=X<4,2,male mar/wid,none,2,life insurance,30,none,own,1,high qualif/self emp/mgmt,1,yes,yes,1,closed,route_f,type_1,group_x,B07,0.0,route_f,type_4,0.0,good
0<=X<200,12,existing paid,furniture/equipment,983,>=1000,<1,1,female div/dep/mar,none,4,real estate,19,none,rent,1,unskilled resident,1,none,yes,1,closed,route_f,type_4,group_x,B07,0.9887249164186986,route_f,type_1,0.02663015827670123,good
<0,36,existing paid,new car,3249,<100,4<=X<7,2,male single,none,4,no known property,39,bank,for free,1,high qualif/self emp/mgmt,2,yes,yes,1,closed,route_f,type_4,group_x,B07,0.8840226426534932,route_c,type_4,0.7563600380631984,good
<0,6,critical/other existing credit,radio/tv,1957,<100,4<=X<7,1,female div/dep/mar,none,4,car,31,none,own,1,skilled,1,none,yes,1,closed,route_c,type_1,group_x,B07,0.08622297416458267,route_c,type_4,0.0,good
no checking,9,critical/other existing credit,furniture/equipment,2406,<100,unemployed,2,male single,none,3,car,31,none,own,1,high qualif/self emp/mgmt,1,none,yes,0,closed,route_f,type_4,group_x,B07,0.9913150832137575,route_f,type_4,1.0,good
0<=X<200,39,delayed previously,education,11760,100<=X<500,4<=X<7,2,male single,none,3,no known property,32,none,rent,1,skilled,1,yes,yes,1,closed,route_f,type_4,group_x,B07,1.0,route_f,type_4,1.0,good
<0,12,existing paid,furniture/equipment,2578,<100,unemployed,3,female div/dep/mar,none,4,no known property,55,none,for free,1,high qualif/self emp/mgmt,1,none,yes,1,closed,route_f,type_1,group_x,B07,0.9757643203001287,route_f,type_4,0.0,good
<0,36,critical/other existing credit,furniture/equipment,2348,<100,1<=X<4,3,male mar/wid,none,2,life insurance,46,none,own,2,skilled,1,yes,yes,1,closed,route_f,type_1,group_x,B07,0.8957069133350585,route_c,type_4,0.6477857367310972,good
0<=X<200,12,existing paid,new car,1223,<100,>=7,1,male div/sep,none,1,real estate,46,none,rent,2,skilled,1,none,yes,0,pending,route_c,type_1,group_n,A12,0.015120578175866347,route_f,type_1,0.0,bad
no checking,24,critical/other existing credit,radio/tv,1516,>=1000,1<=X<4,4,female div/dep/mar,none,1,real estate,43,none,own,2,unskilled resident,1,none,yes,1,closed,route_f,type_4,group_x,A12,0.8326956271575723,route_c,type_1,0.23595631737026065,good
no checking,18,existing paid,radio/tv,1473,<100,<1,3,male mar/wid,none,4,real estate,39,none,own,1,skilled,1,yes,yes,1,closed,route_f,type_1,group_x,B07,1.0,route_f,type_1,0.0,good
0<=X<200,18,critical/other existing credit,business,1887,no known savings,1<=X<4,4,male mar/wid,none,4,real estate,28,bank,own,2,skilled,1,none,yes,1,closed,route_f,type_4,group_x,B07,0.8758277301370098,route_f,type_4,0.9506056415762907,good
no checking,24,delayed previously,business,8648,<100,<1,2,male single,none,2,car,27,bank,own,2,skilled,1,yes,yes,0,pending,route_c,type_1,group_x,A12,1.0,route_c,type_4,0.7270725755884365,bad
no checking,14,delayed previously,new car,802,<100,1<=X<4,4,male single,none,2,car,27,none,own,2,unskilled resident,1,none,yes,1,closed,route_f,type_4,group_x,A12,0.9551546136229463,route_c,type_4,1.0,good
0<=X<200,18,delayed previously,new car,2899,no known savings,>=7,4,male single,none,4,car,43,none,own,1,skilled,2,none,yes,1,closed,route_f,type_4,group_x,B07,1.0,route_f,type_4,1.0,good
0<=X<200,24,existing paid,radio/tv,2039,<100,<1,1,male mar/wid,none,1,life insurance,22,none,own,1,skilled,1,yes,yes,0,pending,route_c,type_1,group_n,A12,0.0,route_c,type_4,0.9376978781653247,bad
no checking,24,critical/other existing credit,used car,2197,no known savings,4<=X<7,4,male single,none,4,car,43,none,own,2,skilled,2,yes,yes,1,closed,route_f,type_4,group_x,B07,0.9101955146534313,route_c,type_4,1.0,good
<0,15,existing paid,radio/tv,1053,<100,<1,4,male mar/wid,none,2,real estate,27,none,own,1,skilled,1,none,no,1,closed,route_f,type_4,group_x,B07,1.0,route_f,type_4,0.8851624579669349,good
no checking,24,existing paid,radio/tv,3235,500<=X<1000,>=7,3,male div/sep,none,2,car,26,none,own,1,high qualif/self emp/mgmt,1,yes,yes,1,closed,route_f,type_4,group_x,B07,1.0,route_f,type_4,1.0,good
>=200,12,critical/other existing credit,new car,939,500<=X<1000,4<=X<7,4,male mar/wid,none,2,real estate,28,none,own,3,skilled,1,yes,yes,0,pending,route_c,type_4,group_n,A12,0.2208256803517272,route_f,type_1,1.0,bad
0<=X<200,24,existing paid,radio/tv,1967,<100,>=7,4,female div/dep/mar,none,4,car,20,none,own,1,skilled,1,yes,yes,1,closed,route_f,type_4,group_x,B07,0.005481016687715643,route_c,type_1,0.6996477051985229,good
no checking,33,critical/other existing credit,used car,7253,<100,4<=X<7,3,male single,none,2,car,35,none,own,2,high qualif/self emp/mgmt,1,yes,yes,1,closed,route_f,type_1,group_n,B07,1.0,route_f,type_4,0.0,good
no checking,12,critical/other existing credit,business,2292,<100,unemployed,4,male single,none,2,car,42,stores,own,2,high qualif/self emp/mgmt,1,yes,yes,0,pending,route_c,type_1,group_n,A12,0.0,route_c,type_1,0.010906845881456366,bad
no checking,10,existing paid,new car,1597,500<=X<1000,1<=X<4,3,male single,none,2,no known property,40,none,rent,1,unskilled resident,2,none,no,1,closed,route_f,type_1,group_x,B07,1.0,route_f,type_4,0.1276060674342345,good
<0,24,existing paid,new car,1381,no known savings,1<=X<4,4,female div/dep/mar,none,2,life insurance,35,none,own,1,skilled,1,none,yes,0,pending,route_c,type_1,group_n,A12,0.0,route_c,type_1,0.28780064759911045,bad
no checking,36,critical/other existing credit,used car,5842,<100,>=7,2,male single,none,2,life insurance,35,none,own,2,skilled,2,yes,yes,1,closed,route_f,type_4,group_x,B07,1.0,route_f,type_1,0.0,good
<0,12,existing paid,new car,2579,<100,<1,4,male single,none,1,real estate,33,none,own,1,unskilled resident,2,none,yes,0,pending,route_c,type_1,group_n,B07,0.0,route_c,type_1,0.0,bad
<0,18,delayed previously,education,8471,no known savings,1<=X<4,1,female div/dep/mar,none,2,car,23,none,rent,2,skilled,1,yes,yes,1,closed,route_f,type_4,group_n,B07,0.8513891909559611,route_f,type_4,0.8232993038817331,good
no checking,21,existing paid,new car,2782,500<=X<1000,4<=X<7,1,female div/dep/mar,none,2,car,31,bank,own,1,high qualif/self emp/mgmt,1,none,yes,1,closed,route_f,type_1,group_n,A12,1.0,route_c,type_1,1.0,good
0<=X<200,18,existing paid,new car,1042,no known savings,1<=X<4,4,female div/dep/mar,none,2,life insurance,33,none,own,1,skilled,1,none,yes,0,pending,route_c,type_1,group_n,A12,0.0,route_c,type_1,0.9398336913261365,bad
no checking,15,existing paid,new car,3186,>=1000,4<=X<7,2,female div/dep/mar,none,3,car,20,none,rent,1,skilled,1,none,yes,1,closed,route_f,type_4,group_x,B07,1.0,route_c,type_4,0.944508466777792,good
0<=X<200,12,existing paid,used car,2028,no known savings,1<=X<4,4,male single,none,2,car,30,none,own,1,skilled,1,none,yes,1,closed,route_f,type_4,group_x,B07,1.0,route_c,type_4,0.980987577557577,good
0<=X<200,12,critical/other existing credit,new car,958,<100,4<=X<7,2,male single,none,3,real estate,47,none,own,2,unskilled resident,2,none,yes,0,closed,route_f,type_4,group_x,B07,0.9335750744648281,route_f,type_1,1.0,good
no checking,21,delayed previously,furniture/equipment,1591,100<=X<500,4<=X<7,4,male single,none,3,real estate,34,none,own,2,high qualif/self emp/mgmt,1,none,yes,1,closed,route_f,type_4,group_x,A12,0.8716137333731687,route_f,type_4,0.8858445629811996,good
0<=X<200,12,existing paid,furniture/equipment,2762,no known savings,>=7,1,female div/dep/mar,none,2,life insurance,25,bank,own,1,skilled,1,yes,yes,0,pending,route_c,type_1,group_n,A12,0.9371702733992471,route_f,type_4,0.8436379869959467,bad
0<=X<200,18,existing paid,used car,2779,<100,1<=X<4,1,male mar/wid,none,3,car,21,none,rent,1,skilled,1,yes,yes,1,closed,route_f,type_4,group_x,B07,0.0,route_f,type_4,1.0,good
no checking,28,critical/other existing credit,radio/tv,2743,<100,>=7,4,male single,none,2,car,29,none,own,2,skilled,1,none,yes,1,closed,route_f,type_1,group_x,B07,0.0,route_f,type_4,0.0,good
no checking,18,critical/other existing credit,radio/tv,1149,>=1000,1<=X<4,4,male single,none,3,real estate,46,none,own,2,skilled,1,none,yes,1,closed,route_f,type_4,group_n,B07,1.0,route_c,type_1,0.0,good
no checking,9,existing paid,furniture/equipment,1313,<100,>=7,1,male single,none,4,car,20,none,own,1,skilled,1,none,yes,1,closed,route_f,type_4,group_x,B07,0.9594536586896728,route_f,type_1,0.0,good
<0,18,critical/other existing credit,repairs,1190,<100,unemployed,2,female div/dep/mar,none,4,no known property,55,none,for free,3,unemp/unskilled non res,2,none,yes,0,pending,route_c,type_1,group_x,A12,1.0,route_c,type_1,0.2436597901608997,bad
no checking,5,existing paid,business,3448,<100,4<=X<7,1,male single,none,4,real estate,74,none,own,1,unskilled resident,1,none,yes,1,closed,route_f,type_4,group_x,B07,0.9046789938914758,route_c,type_1,0.9107111155850635,good
0<=X<200,24,existing paid,other,11328,<100,1<=X<4,2,male single,co applicant,3,car,29,bank,own,2,high qualif/self emp/mgmt,1,yes,yes,0,pending,route_c,type_1,group_n,A12,0.18436489625132887,route_f,type_1,0.0,bad
<0,6,critical/other existing credit,furniture/equipment,1872,<100,unemployed,4,male single,none,4,no known property,36,none,for free,3,high qualif/self emp/mgmt,1,yes,yes,1,closed,route_f,type_4,group_x,B07,0.0,route_f,type_4,0.0,good
no checking,24,critical/other existing credit,repairs,2058,<100,1<=X<4,4,male div/sep,none,2,real estate,33,none,own,2,skilled,1,yes,yes,1,closed,route_f,type_4,group_x,B07,1.0,route_c,type_4,0.879437083235855,good
<0,9,existing paid,furniture/equipment,2136,<100,1<=X<4,3,male single,none,2,real estate,25,none,own,1,skilled,1,none,yes,1,closed,route_f,type_1,group_x,B07,1.0,route_c,type_1,0.9184637479739093,good
0<=X<200,12,existing paid,radio/tv,1484,no known savings,1<=X<4,2,male mar/wid,none,1,real estate,25,none,own,1,skilled,1,yes,yes,0,pending,route_c,type_1,group_n,B07,0.14990482267356464,route_c,type_4,0.019664858110690533,bad
no checking,6,existing paid,repairs,660,500<=X<1000,4<=X<7,2,male mar/wid,none,4,real estate,23,none,rent,1,unskilled resident,1,none,yes,1,closed,route_f,type_4,group_x,B07,0.9443158285547189,route_f,type_1,0.0,good
no checking,24,critical/other existing credit,new car,1287,>=1000,>=7,4,female div/dep/mar,none,4,real estate,37,none,own,2,skilled,1,yes,yes,1,closed,route_f,type_4,group_x,B07,1.0,route_f,type_4,0.9130834659149125,good
<0,42,critical/other existing credit,repairs,3394,<100,unemployed,4,male single,co applicant,4,car,65,none,own,2,unemp/unskilled non res,1,none,yes,1,closed,route_f,type_1,group_x,B07,1.0,route_f,type_4,0.79544307107346,good
>=200,12,all paid,business,609,<100,<1,4,female div/dep/mar,none,1,real estate,26,none,own,1,unemp/unskilled non res,1,none,yes,0,pending,route_c,type_1,group_n,A12,0.0,route_c,type_1,0.0,bad
no checking,12,existing paid,new car,1884,<100,>=7,4,male single,none,4,car,39,none,own,1,high qualif/self emp/mgmt,1,yes,yes,1,closed,route_f,type_4,group_n,A12,1.0,route_f,type_1,1.0,good
<0,12,existing paid,furniture/equipment,1620,<100,1<=X<4,2,female div/dep/mar,co applicant,3,life insurance,30,none,own,1,skilled,1,none,yes,1,closed,route_f,type_4,group_x,B07,1.0,route_f,type_1,0.062086603231629046,good
0<=X<200,20,delayed previously,other,2629,<100,1<=X<4,2,male single,none,3,car,29,bank,own,2,skilled,1,yes,yes,1,closed,route_f,type_1,group_x,B07,1.0,route_f,type_1,0.7107982796337502,good
no checking,12,existing paid,education,719,<100,>=7,4,male single,none,4,car,41,bank,own,1,unskilled resident,2,none,yes,0,pending,route_c,type_1,group_n,A12,0.07504222022686388,route_c,type_1,1.0,bad
0<=X<200,48,critical/other existing credit,furniture/equipment,5096,<100,1<=X<4,2,female div/dep/mar,none,3,car,30,none,own,1,high qualif/self emp/mgmt,1,yes,yes,0,pending,route_c,type_1,group_x,A12,0.08906053461159374,route_c,type_4,0.15471964706451133,bad
no checking,9,critical/other existing credit,education,1244,no known savings,>=7,4,female div/dep/mar,none,4,life insurance,41,none,rent,2,unskilled resident,1,none,yes,1,closed,route_f,type_4,group_x,B07,0.8064205995254439,route_f,type_1,1.0,good
<0,36,existing paid,new car,1842,<100,<1,4,female div/dep/mar,none,4,car,34,none,own,1,skilled,1,yes,yes,0,pending,route_c,type_1,group_n,A12,0.06097976919983328,route_c,type_1,1.0,bad
0<=X<200,7,existing paid,radio/tv,2576,<100,1<=X<4,2,male single,guarantor,2,real estate,35,none,own,1,skilled,1,none,yes,1,closed,route_f,type_4,group_x,B07,0.8652793563338951,route_f,type_4,1.0,good
>=200,12,existing paid,furniture/equipment,1424,no known savings,>=7,3,female div/dep/mar,none,4,real estate,55,none,own,1,high qualif/self emp/mgmt,1,yes,yes,1,closed,route_f,type_4,group_x,B07,0.9218399803575416,route_f,type_1,0.44246773352711016,good
0<=X<200,15,delayed previously,repairs,1512,>=1000,1<=X<4,3,male mar/wid,none,3,life insurance,61,stores,own,2,skilled,1,none,yes,0,pending,route_c,type_1,group_x,A12,0.28645728600747666,route_c,type_1,0.9389418758223481,bad
no checking,36,critical/other existing credit,used car,11054,no known savings,1<=X<4,4,male single,none,2,car,30,none,own,1,high qualif/self emp/mgmt,1,yes,yes,1,closed,route_f,type_4,group_x,A12,0.9664428367202077,route_f,type_1,0.7882474710698648,good
no checking,6,existing paid,radio/tv,518,<100,1<=X<4,3,female div/dep/mar,none,1,real estate,29,none,own,1,skilled,1,none,yes,1,closed,route_f,type_4,group_x,B07,0.9019269311810149,route_f,type_1,0.6893528736476541,good
no checking,12,no credits/all paid,furniture/equipment,2759,<100,>=7,2,male single,none,4,life insurance,34,none,own,2,skilled,1,none,yes,1,closed,route_f,type_1,group_x,B07,1.0,route_c,type_1,1.0,good
no checking,24,existing paid,used car,2670,<100,>=7,4,male single,none,4,car,35,none,own,1,high qualif/self emp/mgmt,1,yes,yes,1,closed,route_f,type_1,group_x,B07,0.8744327971233851,route_c,type_4,1.0,good
<0,24,existing paid,new car,4817,<100,4<=X<7,2,male single,co applicant,3,life insurance,31,none,own,1,skilled,1,yes,yes,0,pending,route_c,type_1,group_n,A12,0.0,route_f,type_1,0.8127685522583183,bad
no checking,24,existing paid,used car,2679,<100,<1,4,female div/dep/mar,none,1,no known property,29,none,own,1,high qualif/self emp/mgmt,1,yes,yes,1,closed,route_f,type_4,group_x,B07,1.0,route_f,type_4,0.8527175354325923,good
<0,11,critical/other existing credit,new car,3905,<100,1<=X<4,2,male single,none,2,real estate,36,none,rent,2,skilled,2,none,yes,1,closed,route_f,type_4,group_n,B07,1.0,route_f,type_4,0.9343918148999377,good
<0,12,existing paid,used car,3386,<100,>=7,3,male single,none,4,no known property,35,none,for free,1,skilled,1,yes,yes,0,pending,route_c,type_1,group_n,A12,0.0,route_f,type_4,1.0,bad
<0,6,existing paid,domestic appliance,343,<100,<1,4,female div/dep/mar,none,1,real estate,27,none,own,1,skilled,1,none,yes,1,closed,route_f,type_1,group_n,B07,1.0,route_f,type_4,0.7393213048077372,good
no checking,18,existing paid,radio/tv,4594,<100,<1,3,male single,none,2,car,32,none,own,1,skilled,1,yes,yes,1,closed,route_f,type_4,group_x,A12,0.9474682706288375,route_c,type_4,0.6017595462100028,good
<0,36,existing paid,furniture/equipment,3620,<100,1<=X<4,1,male single,guarantor,2,life insurance,37,none,own,1,skilled,2,none,yes,1,closed,route_f,type_4,group_x,B07,1.0,route_c,type_4,0.4389216815038376,good
<0,15,existing paid,new car,1721,<100,<1,2,male single,none,3,real estate,36,none,own,1,skilled,1,none,yes,1,closed,route_f,type_4,group_x,A12,0.9196802294384773,route_f,type_4,1.0,good
0<=X<200,12,existing paid,furniture/equipment,3017,<100,<1,3,female div/dep/mar,none,1,real estate,34,none,rent,1,high qualif/self emp/mgmt,1,none,yes,1,closed,route_f,type_1,group_x,A12,1.0,route_f,type_4,1.0,good
0<=X<200,12,existing paid,retraining,754,no known savings,>=7,4,male single,none,4,life insurance,38,none,own,2,skilled,1,none,yes,1,closed,route_f,type_4,group_x,B07,1.0,route_f,type_4,0.0,good
no checking,18,existing paid,business,1950,<100,4<=X<7,4,male single,none,1,car,34,stores,own,2,skilled,1,yes,yes,1,closed,route_f,type_4,group_x,A12,0.8872500228449669,route_f,type_1,1.0,good
<0,24,existing paid,used car,2924,<100,1<=X<4,3,male single,guarantor,4,no known property,63,bank,own,1,skilled,2,yes,yes,1,closed,route_f,type_4,group_x,B07,0.9743992747495395,route_f,type_4,0.0,good
<0,24,delayed previously,radio/tv,1659,<100,<1,4,female div/dep/mar,none,2,car,29,none,rent,1,unskilled resident,1,yes,yes,0,pending,route_c,type_1,group_n,A12,0.051492848824139695,route_f,type_1,0.8297135852108035,bad
no checking,48,delayed previously,radio/tv,7238,no known savings,>=7,3,male single,none,3,car,32,bank,own,2,skilled,2,none,yes,1,closed,route_f,type_4,group_x,A12,0.8864016877865719,route_f,type_4,1.0,good
no checking,33,delayed previously,business,2764,<100,1<=X<4,2,female div/dep/mar,none,2,car,26,none,own,2,skilled,1,yes,yes,1,closed,route_f,type_4,group_x,B07,1.0,route_f,type_4,0.540144594187701,good
no checking,24,delayed previously,used car,4679,<100,4<=X<7,3,male single,none,3,car,35,none,own,2,unskilled resident,1,yes,yes,1,closed,route_f,type_4,group_x,A12,0.970198061905456,route_c,type_4,0.0,good
0<=X<200,24,existing paid,radio/tv,3092,100<=X<500,<1,3,male mar/wid,none,2,car,22,none,rent,1,skilled,1,yes,yes,0,pending,route_c,type_1,group_n,A12,0.0,route_c,type_1,0.0,bad
<0,6,existing paid,education,448,<100,<1,4,female div/dep/mar,none,4,life insurance,23,none,own,1,skilled,1,none,yes,0,pending,route_c,type_1,group_n,B07,0.006484337033824787,route_c,type_1,0.0,bad
<0,9,existing paid,new car,654,<100,1<=X<4,4,male single,none,3,car,28,none,own,1,unskilled resident,1,none,yes,0,pending,route_c,type_1,group_n,A12,0.00944257481415976,route_c,type_1,0.0,bad
no checking,6,existing paid,retraining,1238,no known savings,unemployed,4,male single,none,4,life insurance,36,none,own,1,high qualif/self emp/mgmt,2,yes,yes,1,closed,route_f,type_4,group_n,B07,1.0,route_f,type_1,0.7983318850104143,good
0<=X<200,18,critical/other existing credit,radio/tv,1245,<100,1<=X<4,4,male mar/wid,none,2,car,33,none,own,1,skilled,1,none,yes,0,pending,route_c,type_1,group_n,A12,0.9206555092269761,route_c,type_4,0.0,bad
<0,18,no credits/all paid,furniture/equipment,3114,<100,<1,1,female div/dep/mar,none,4,life insurance,26,none,rent,1,skilled,1,none,yes,0,pending,route_c,type_1,group_n,B07,0.9264397465236577,route_f,type_4,1.0,bad
no checking,39,existing paid,used car,2569,500<=X<1000,1<=X<4,4,male single,none,4,car,24,none,own,1,skilled,1,none,yes,1,closed,route_f,type_4,group_x,B07,0.98428714448071,route_f,type_1,0.9392248926737607,good
>=200,24,existing paid,radio/tv,5152,<100,4<=X<7,4,male single,none,2,car,25,bank,own,1,skilled,1,none,yes,1,closed,route_f,type_4,group_x,B07,0.9940696125362571,route_f,type_4,0.7215054868198427,good
0<=X<200,12,existing paid,business,1037,100<=X<500,4<=X<7,3,male single,none,4,real estate,39,none,own,1,unskilled resident,1,none,yes,1,closed,route_f,type_4,group_x,B07,0.9418524624570733,route_c,type_1,1.0,good
<0,15,critical/other existing credit,furniture/equipment,1478,<100,>=7,4,male single,none,4,car,44,none,own,2,skilled,2,yes,yes,1,closed,route_f,type_4,group_x,B07,1.0,route_c,type_4,0.940272585497777,good
0<=X<200,12,critical/other existing credit,radio/tv,3573,<100,1<=X<4,1,female div/dep/mar,none,1,real estate,23,none,own,1,unskilled resident,1,none,yes,1,closed,route_f,type_4,group_x,A12,0.7595440683005364,route_f,type_4,0.0,good
0<=X<200,24,existing paid,new car,1201,<100,<1,4,male single,none,1,life insurance,26,none,own,1,skilled,1,none,yes,1,closed,route_f,type_4,group_x,A12,0.9032132206945639,route_c,type_4,0.0,good
<0,30,existing paid,furniture/equipment,3622,>=1000,>=7,4,female div/dep/mar,none,4,life insurance,57,none,rent,2,skilled,1,yes,yes,1,closed,route_f,type_4,group_x,B07,0.9629095630281218,route_f,type_1,1.0,good
no checking,15,delayed previously,furniture/equipment,960,>=1000,4<=X<7,3,female div/dep/mar,none,2,life insurance,30,none,own,2,skilled,1,none,yes,1,closed,route_f,type_4,group_x,B07,0.8865647377184448,route_f,type_4,0.7503071643779011,good
no checking,12,critical/other existing credit,new car,1163,500<=X<1000,1<=X<4,4,male single,none,4,real estate,44,none,own,1,skilled,1,yes,yes,1,closed,route_f,type_4,group_x,B07,1.0,route_c,type_4,1.0,good
0<=X<200,6,delayed previously,new car,1209,<100,unemployed,4,male single,none,4,life insurance,47,none,own,1,high qualif/self emp/mgmt,1,yes,yes,0,pending,route_c,type_1,group_n,A12,0.002499194691056102,route_c,type_1,0.0,bad
no checking,12,existing paid,radio/tv,3077,<100,1<=X<4,2,male single,none,4,car,52,none,own,1,skilled,1,yes,yes,1,closed,route_f,type_4,group_x,B07,1.0,route_c,type_1,0.0,good
no checking,24,existing paid,new car,3757,<100,>=7,4,female div/dep/mar,co applicant,4,no known property,62,none,for free,1,skilled,1,yes,yes,1,closed,route_f,type_4,group_n,A12,0.9359719311945764,route_f,type_4,0.233339229579357,good
no checking,10,existing paid,new car,1418,100<=X<500,1<=X<4,3,male single,none,2,real estate,35,none,rent,1,unskilled resident,1,none,no,1,closed,route_f,type_4,group_x,B07,0.0,route_f,type_1,1.0,good
no checking,6,existing paid,new car,3518,<100,1<=X<4,2,male single,guarantor,3,life insurance,26,none,rent,1,skilled,1,none,yes,1,closed,route_f,type_4,group_x,B07,0.8389789159798877,route_c,type_4,1.0,good
no checking,12,critical/other existing credit,radio/tv,1934,<100,>=7,2,male single,none,2,no known property,26,none,own,2,skilled,1,none,yes,1,closed,route_f,type_4,group_x,B07,0.9774992427174027,route_f,type_4,1.0,good
0<=X<200,27,no credits/all paid,business,8318,<100,>=7,2,female div/dep/mar,none,4,no known property,42,none,for free,2,high qualif/self emp/mgmt,1,yes,yes,0,pending,route_c,type_4,group_n,A12,0.0,route_c,type_4,1.0,bad
no checking,6,critical/other existing credit,radio/tv,1237,100<=X<500,1<=X<4,1,female div/dep/mar,none,1,life insurance,27,none,own,2,skilled,1,none,yes,1,closed,route_f,type_4,group_x,B07,0.9632440250198084,route_f,type_4,0.639319352454199,good
0<=X<200,6,existing paid,radio/tv,368,no known savings,>=7,4,male single,none,4,life insurance,38,none,own,1,skilled,1,none,yes,1,closed,route_f,type_4,group_n,B07,0.6608110549649191,route_f,type_1,0.9357011887420228,good
<0,12,critical/other existing credit,new car,2122,<100,1<=X<4,3,male single,none,2,real estate,39,none,rent,2,unskilled resident,2,none,no,1,closed,route_f,type_1,group_x,B07,0.8505395748812329,route_f,type_4,0.0,good
<0,24,existing paid,furniture/equipment,2996,no known savings,1<=X<4,2,male mar/wid,none,4,car,20,none,own,1,skilled,1,none,yes,0,pending,route_c,type_1,group_n,A12,1.0,route_c,type_1,1.0,bad
0<=X<200,36,existing paid,furniture/equipment,9034,100<=X<500,<1,4,male single,co applicant,1,no known property,29,none,rent,1,high qualif/self emp/mgmt,1,yes,yes,0,pending,route_c,type_1,group_n,A12,0.11002770175674938,route_f,type_1,0.0,bad
no checking,24,critical/other existing credit,furniture/equipment,1585,<100,4<=X<7,4,male single,none,3,life insurance,40,none,own,2,skilled,1,none,yes,1,closed,route_f,type_4,group_x,B07,1.0,route_f,type_1,1.0,good
0<=X<200,18,existing paid,radio/tv,1301,<100,>=7,4,male mar/wid,guarantor,2,real estate,32,none,own,1,unskilled resident,1,none,yes,1,closed,route_f,type_4,group_x,A12,1.0,route_c,type_1,1.0,good
>=200,6,critical/other existing credit,new car,1323,100<=X<500,>=7,2,male div/sep,none,4,car,28,none,own,2,skilled,2,yes,yes,1,closed,route_f,type_4,group_x,B07,1.0,route_f,type_4,1.0,good
<0,24,existing paid,new car,3123,<100,<1,4,female div/dep/mar,none,1,life insurance,27,none,own,1,skilled,1,none,yes,0,pending,route_c,type_1,group_x,A12,0.0,route_c,type_1,0.0,bad
<0,36,existing paid,used car,5493,<100,>=7,2,male single,none,4,no known property,42,none,for free,1,skilled,2,none,yes,1,closed,route_f,type_4,group_x,B07,0.8625642496198049,route_f,type_1,0.16762685711036218,good
>=200,9,existing paid,radio/tv,1126,100<=X<500,>=7,2,male div/sep,none,4,real estate,49,none,own,1,skilled,1,none,yes,1,closed,route_f,type_1,group_x,A12,1.0,route_f,type_4,0.6547648103371513,good
0<=X<200,24,critical/other existing credit,radio/tv,1216,100<=X<500,<1,4,male single,none,4,no known property,38,bank,own,2,skilled,2,none,yes,0,pending,route_c,type_1,group_n,A12,0.008555256606329243,route_f,type_4,0.0,bad
<0,24,existing paid,new car,1207,<100,<1,4,female div/dep/mar,none,4,life insurance,24,none,rent,1,skilled,1,none,yes,0,pending,route_c,type_1,group_x,A12,0.33045802317060263,route_c,type_1,0.0,bad
no checking,10,existing paid,new car,1309,no known savings,1<=X<4,4,male single,guarantor,4,life insurance,27,none,own,1,unskilled resident,1,none,yes,0,pending,route_c,type_1,group_n,A12,0.9516245181785751,route_c,type_1,0.1591619574645,bad
>=200,15,critical/other existing credit,used car,2360,500<=X<1000,1<=X<4,2,male single,none,2,car,36,none,own,1,skilled,1,yes,yes,1,closed,route_f,type_4,group_x,B07,1.0,route_f,type_1,1.0,good
0<=X<200,15,all paid,new car,6850,100<=X<500,unemployed,1,male single,none,2,life insurance,34,none,own,1,high qualif/self emp/mgmt,2,yes,yes,0,pending,route_c,type_1,group_n,A12,0.9792250877328125,route_c,type_1,1.0,bad
no checking,24,existing paid,radio/tv,1413,<100,1<=X<4,4,male mar/wid,none,2,life insurance,28,none,own,1,skilled,1,none,yes,1,closed,route_f,type_4,group_x,B07,1.0,route_c,type_1,0.862834228269496,good
no checking,39,existing paid,used car,8588,100<=X<500,>=7,4,male single,none,2,car,45,none,own,1,high qualif/self emp/mgmt,1,yes,yes,1,closed,route_f,type_4,group_x,B07,1.0,route_f,type_4,0.8858815993492302,good
<0,12,existing paid,new car,759,<100,4<=X<7,4,male single,none,2,real estate,26,none,own,1,skilled,1,none,yes,0,pending,route_c,type_1,group_n,B07,0.0,route_f,type_1,0.9754878523608821,bad
no checking,36,existing paid,used car,4686,<100,1<=X<4,2,male single,none,2,no known property,32,none,for free,1,high qualif/self emp/mgmt,1,yes,yes,1,closed,route_f,type_4,group_x,B07,0.0,route_c,type_4,0.29234910884690035,good
>=200,15,existing paid,business,2687,<100,4<=X<7,2,male single,none,4,life insurance,26,none,rent,1,skilled,1,yes,yes,1,closed,route_f,type_4,group_x,B07,0.8631302525949447,route_f,type_4,1.0,good
0<=X<200,12,delayed previously,radio/tv,585,<100,1<=X<4,4,male mar/wid,co applicant,4,real estate,20,none,rent,2,skilled,1,none,yes,1,closed,route_f,type_4,group_n,B07,0.8370323553057853,route_f,type_4,0.16074621919287596,good
no checking,24,existing paid,new car,2255,no known savings,<1,4,male single,none,1,life insurance,54,none,own,1,skilled,1,none,yes,1,closed,route_f,type_4,group_n,A12,0.08838635769455587,route_c,type_4,0.06703149427270896,good
<0,6,critical/other existing credit,new car,609,<100,4<=X<7,4,female div/dep/mar,none,3,life insurance,37,none,own,2,skilled,1,none,no,1,closed,route_f,type_4,group_x,B07,0.9739467409420046,route_c,type_4,1.0,good
<0,6,critical/other existing credit,new car,1361,<100,<1,2,male single,none,4,real estate,40,none,own,1,unskilled resident,2,none,no,1,closed,route_f,type_4,group_x,B07,1.0,route_f,type_1,0.9481919024272144,good
no checking,36,critical/other existing credit,furniture/equipment,7127,<100,<1,2,female div/dep/mar,none,4,life insurance,23,none,rent,2,skilled,1,yes,yes,0,pending,route_c,type_1,group_n,A12,0.0737016853839596,route_f,type_1,0.0,bad
<0,6,existing paid,new car,1203,100<=X<500,>=7,3,male single,none,2,life insurance,43,none,own,1,skilled,1,yes,yes,0,closed,route_f,type_4,group_x,A12,0.7538962445327738,route_c,type_1,0.9738730205757032,good
no checking,6,critical/other existing credit,radio/tv,700,no known savings,>=7,4,male single,none,4,no known property,36,none,for free,2,skilled,1,none,yes,1,closed,route_f,type_4,group_x,B07,1.0,route_c,type_4,0.8018103401925355,good
no checking,24,critical/other existing credit,repairs,5507,<100,>=7,3,male single,none,4,no known property,44,none,for free,2,skilled,1,none,yes,1,closed,route_f,type_4,group_n,B07,0.9537450233574609,route_c,type_4,0.9645606037147484,good
<0,18,existing paid,radio/tv,3190,<100,1<=X<4,2,female div/dep/mar,none,2,real estate,24,none,own,1,skilled,1,none,yes,0,pending,route_c,type_1,group_n,A12,0.07054317307651611,route_f,type_1,0.7737248711337521,bad
<0,48,no credits/all paid,furniture/equipment,7119,<100,1<=X<4,3,male single,none,4,no known property,53,none,for free,2,skilled,2,none,yes,0,pending,route_c,type_4,group_n,A12,1.0,route_c,type_1,0.2075640833271646,bad
no checking,24,existing paid,used car,3488,100<=X<500,4<=X<7,3,female div/dep/mar,none,4,car,23,none,own,1,skilled,1,none,yes,1,closed,route_f,type_4,group_x,B07,1.0,route_c,type_4,0.11009669668418612,good
0<=X<200,18,existing paid,radio/tv,1113,<100,1<=X<4,4,female div/dep/mar,guarantor,4,real estate,26,none,own,1,unskilled resident,2,none,yes,1,closed,route_f,type_4,group_x,B07,0.9861063961187481,route_f,type_1,1.0,good
0<=X<200,26,existing paid,used car,7966,<100,<1,2,male single,none,3,car,30,none,own,2,skilled,1,none,yes,1,closed,route_f,type_4,group_x,B07,0.7186180366768117,route_f,type_4,0.6700702324098766,good
no checking,15,critical/other existing credit,education,1532,100<=X<500,1<=X<4,4,female div/dep/mar,none,3,car,31,none,own,1,skilled,1,none,yes,1,closed,route_f,type_1,group_x,B07,1.0,route_f,type_4,1.0,good
no checking,4,critical/other existing credit,radio/tv,1503,<100,4<=X<7,2,male single,none,1,real estate,42,none,own,2,unskilled resident,2,none,yes,1,closed,route_f,type_4,group_x,B07,0.026593658706412154,route_f,type_4,0.6815737287068284,good
<0,36,existing paid,radio/tv,2302,<100,1<=X<4,4,male div/sep,none,4,car,31,none,rent,1,skilled,1,none,yes,0,pending,route_c,type_1,group_n,A12,0.0,route_c,type_4,0.0,bad
<0,6,existing paid,new car,662,<100,<1,3,male single,none,4,real estate,41,none,own,1,unskilled resident,2,yes,yes,1,closed,route_f,type_4,group_x,B07,0.019542511712364374,route_f,type_4,0.8742836367602242,good
0<=X<200,36,existing paid,education,2273,<100,4<=X<7,3,male single,none,1,car,32,none,own,2,skilled,2,none,yes,1,closed,route_f,type_1,group_x,B07,0.9521650573987663,route_f,type_1,0.26481344012389757,good
0<=X<200,15,existing paid,new car,2631,100<=X<500,1<=X<4,2,female div/dep/mar,none,4,car,28,none,rent,2,skilled,1,yes,yes,0,pending,route_c,type_4,group_n,A12,0.0,route_c,type_1,0.04567863318878611,bad
no checking,12,delayed previously,used car,1503,<100,1<=X<4,4,male mar/wid,none,4,real estate,41,none,rent,1,skilled,1,none,yes,1,closed,route_f,type_4,group_x,B07,1.0,route_f,type_1,0.0,good
no checking,24,existing paid,radio/tv,1311,100<=X<500,4<=X<7,4,male mar/wid,none,3,life insurance,26,none,own,1,skilled,1,yes,yes,1,closed,route_c,type_4,group_x,B07,0.0,route_f,type_1,0.8394929444843551,good
no checking,24,existing paid,radio/tv,3105,no known savings,<1,4,male single,none,2,car,25,none,own,2,skilled,1,none,yes,0,closed,route_f,type_4,group_x,B07,0.9461547540473383,route_c,type_1,0.7213731319912082,good
>=200,21,critical/other existing credit,education,2319,<100,<1,2,male div/sep,none,1,car,33,none,rent,1,skilled,1,none,yes,0,pending,route_c,type_1,group_x,A12,0.0,route_c,type_1,0.22935703304783459,bad
<0,6,existing paid,new car,1374,no known savings,unemployed,4,female div/dep/mar,none,3,life insurance,75,none,own,1,high qualif/self emp/mgmt,1,yes,yes,1,closed,route_f,type_4,group_x,B07,0.16370091416399946,route_f,type_4,0.16172445036234953,good
0<=X<200,18,critical/other existing credit,furniture/equipment,3612,<100,>=7,3,female div/dep/mar,none,4,life insurance,37,none,own,1,skilled,1,yes,yes,1,closed,route_f,type_4,group_x,B07,0.9945786085650256,route_c,type_4,1.0,good
<0,48,existing paid,new car,7763,<100,>=7,4,male single,none,4,no known property,42,bank,for free,1,high qualif/self emp/mgmt,1,none,yes,0,pending,route_f,type_1,group_x,A12,0.01048072622232135,route_c,type_1,0.08035567071367765,bad
>=200,18,existing paid,furniture/equipment,3049,<100,<1,1,female div/dep/mar,none,1,life insurance,45,stores,own,1,unskilled resident,1,none,yes,1,closed,route_f,type_4,group_x,A12,0.9416157095438024,route_c,type_4,0.0,good
0<=X<200,12,existing paid,radio/tv,1534,<100,<1,1,male mar/wid,none,1,real estate,23,none,rent,1,skilled,1,none,yes,0,pending,route_c,type_1,group_x,A12,0.06132985394877495,route_f,type_4,0.0,bad
no checking,24,delayed previously,new car,2032,<100,>=7,4,male single,none,4,no known property,60,none,for free,2,skilled,1,yes,yes,1,closed,route_f,type_4,group_n,B07,1.0,route_f,type_1,1.0,good
<0,30,existing paid,furniture/equipment,6350,no known savings,>=7,4,male single,none,4,life insurance,31,none,own,1,skilled,1,none,yes,0,pending,route_c,type_1,group_n,A12,0.0858415583169621,route_f,type_1,0.9251323023897059,bad
>=200,18,existing paid,furniture/equipment,2864,<100,1<=X<4,2,male single,none,1,real estate,34,none,own,1,unskilled resident,2,none,yes,0,pending,route_c,type_1,group_n,A12,0.09100987237686844,route_c,type_1,0.0,bad
no checking,12,critical/other existing credit,new car,1255,<100,>=7,4,male single,none,4,real estate,61,none,own,2,unskilled resident,1,none,yes,1,closed,route_f,type_4,group_x,B07,1.0,route_f,type_4,0.7765965801098704,good
<0,24,delayed previously,new car,1333,<100,unemployed,4,male single,none,2,real estate,43,none,for free,2,skilled,2,none,yes,0,pending,route_c,type_1,group_n,A12,0.0,route_c,type_4,1.0,bad
no checking,24,critical/other existing credit,new car,2022,<100,1<=X<4,4,female div/dep/mar,none,4,car,37,none,own,1,skilled,1,yes,yes,1,closed,route_f,type_4,group_x,B07,0.0,route_f,type_4,1.0,good
no checking,24,existing paid,radio/tv,1552,<100,4<=X<7,3,male single,none,1,car,32,bank,own,1,skilled,2,none,yes,1,closed,route_f,type_4,group_x,B07,0.9728391703481157,route_f,type_1,0.10149122263889482,good
<0,12,all paid,radio/tv,626,<100,1<=X<4,4,female div/dep/mar,none,4,real estate,24,bank,own,1,unskilled resident,1,none,yes,0,pending,route_c,type_4,group_n,A12,0.0,route_c,type_1,0.0,bad
no checking,48,critical/other existing credit,used car,8858,no known savings,4<=X<7,2,male single,none,1,no known property,35,none,for free,2,skilled,1,yes,yes,1,closed,route_f,type_4,group_x,B07,0.8589488442198303,route_f,type_1,1.0,good
no checking,12,critical/other existing credit,repairs,996,no known savings,4<=X<7,4,female div/dep/mar,none,4,real estate,23,none,own,2,skilled,1,none,yes,1,closed,route_f,type_4,group_n,B07,0.7519367143346489,route_f,type_4,0.7291026024452126,good
no checking,6,all paid,radio/tv,1750,500<=X<1000,>=7,2,male single,none,4,life insurance,45,bank,own,1,unskilled resident,2,none,yes,1,closed,route_f,type_4,group_x,A12,0.8215848792597262,route_f,type_4,0.9737098338786458,good
<0,48,existing paid,radio/tv,6999,<100,4<=X<7,1,male mar/wid,guarantor,1,real estate,34,none,own,2,skilled,1,yes,yes,0,pending,route_c,type_1,group_x,A12,0.0,route_c,type_1,0.0,bad
0<=X<200,12,critical/other existing credit,new car,1995,100<=X<500,<1,4,male single,none,1,car,27,none,own,1,skilled,1,none,yes,1,closed,route_f,type_4,group_x,B07,0.0,route_f,type_1,0.6824564818252526,good
0<=X<200,9,existing paid,education,1199,<100,4<=X<7,4,female div/dep/mar,none,4,life insurance,67,none,own,2,high qualif/self emp/mgmt,1,yes,yes,1,closed,route_f,type_4,group_x,B07,0.8949203746626988,route_f,type_4,0.9347318515389678,good
0<=X<200,12,existing paid,radio/tv,1331,<100,<1,2,male single,none,1,car,22,stores,own,1,skilled,1,none,yes,0,pending,route_c,type_1,group_n,A12,0.010457590680527443,route_f,type_4,0.48096142462067365,bad
0<=X<200,18,no credits/all paid,new car,2278,100<=X<500,<1,3,female div/dep/mar,none,3,car,28,none,own,2,skilled,1,none,yes,0,pending,route_c,type_1,group_n,A12,0.0,route_f,type_1,0.0,bad
no checking,21,no credits/all paid,new car,5003,no known savings,1<=X<4,1,female div/dep/mar,none,4,life insurance,29,bank,own,2,skilled,1,yes,yes,0,pending,route_c,type_1,group_n,A12,1.0,route_c,type_4,0.7481749300106778,bad
<0,24,all paid,furniture/equipment,3552,<100,4<=X<7,3,male single,none,4,car,27,bank,own,1,skilled,1,none,yes,0,pending,route_c,type_1,group_x,A12,0.0,route_f,type_4,1.0,bad
0<=X<200,18,critical/other existing credit,furniture/equipment,1928,<100,<1,2,male single,none,2,real estate,31,none,own,2,unskilled resident,1,none,yes,0,pending,route_c,type_1,group_n,B07,0.09226384178572727,route_c,type_1,0.35830813846795706,bad
<0,24,existing paid,used car,2964,no known savings,>=7,4,male single,none,4,no known property,49,bank,for free,1,skilled,2,yes,yes,1,closed,route_f,type_4,group_x,B07,1.0,route_f,type_1,1.0,good
<0,24,all paid,radio/tv,1546,<100,4<=X<7,4,male single,guarantor,4,car,24,bank,rent,1,unskilled resident,1,none,yes,0,pending,route_c,type_1,group_n,A12,0.0,route_c,type_4,0.14218372509159166,bad
>=200,6,delayed previously,radio/tv,683,<100,<1,2,female div/dep/mar,none,1,life insurance,29,bank,own,1,skilled,1,none,yes,1,closed,route_f,type_4,group_x,A12,0.0,route_c,type_4,0.9316352404880134,good
0<=X<200,36,existing paid,new car,12389,no known savings,1<=X<4,1,male single,none,4,no known property,37,none,for free,1,skilled,1,yes,yes,0,pending,route_c,type_1,group_n,A12,0.0,route_c,type_1,0.0,bad
0<=X<200,24,delayed previously,business,4712,no known savings,1<=X<4,4,male single,none,2,life insurance,37,bank,own,2,high qualif/self emp/mgmt,1,yes,yes,1,closed,route_f,type_4,group_x,B07,0.9856739889362579,route_f,type_4,1.0,good
0<=X<200,24,delayed previously,radio/tv,1553,100<=X<500,4<=X<7,3,female div/dep/mar,none,2,life insurance,23,none,rent,2,skilled,1,yes,yes,1,closed,route_f,type_4,group_x,B07,0.9012701667169337,route_c,type_1,0.8666963983982139,good
<0,12,existing paid,new car,1372,<100,4<=X<7,2,male div/sep,none,3,car,36,none,own,1,skilled,1,none,yes,0,pending,route_c,type_1,group_n,A12,0.0506101019367371,route_c,type_1,0.14666454109034338,bad
no checking,24,critical/other existing credit,radio/tv,2578,>=1000,>=7,2,male single,none,2,car,34,none,own,1,skilled,1,none,yes,1,pending,route_f,type_4,group_n,B07,0.8221380502857283,route_f,type_4,0.0,good
0<=X<200,48,existing paid,radio/tv,3979,no known savings,4<=X<7,4,male single,none,1,car,41,none,own,2,skilled,2,yes,yes,1,closed,route_f,type_4,group_x,B07,1.0,route_f,type_1,1.0,good
<0,48,existing paid,radio/tv,6758,<100,1<=X<4,3,female div/dep/mar,none,2,car,31,none,own,1,skilled,1,yes,yes,0,pending,route_c,type_1,group_n,A12,0.0758450646896232,route_c,type_1,1.0,bad
<0,24,existing paid,furniture/equipment,3234,<100,<1,4,female div/dep/mar,none,4,real estate,23,none,rent,1,unskilled resident,1,yes,yes,0,pending,route_f,type_1,group_n,B07,0.12025641293344189,route_f,type_4,0.0,bad
no checking,30,critical/other existing credit,radio/tv,5954,<100,4<=X<7,3,male single,co applicant,2,car,38,none,own,1,skilled,1,none,yes,1,closed,route_f,type_1,group_x,A12,0.8987477720803405,route_f,type_4,0.6672956265622496,good
no checking,24,existing paid,used car,5433,no known savings,unemployed,2,female div/dep/mar,none,4,life insurance,26,none,rent,1,high qualif/self emp/mgmt,1,yes,yes,1,closed,route_f,type_4,group_x,B07,1.0,route_f,type_4,0.8015927939204314,good
<0,15,existing paid,business,806,<100,1<=X<4,4,female div/dep/mar,none,4,life insurance,22,none,own,1,unskilled resident,1,none,yes,1,closed,route_f,type_4,group_x,B07,1.0,route_c,type_4,1.0,good
0<=X<200,9,existing paid,radio/tv,1082,<100,>=7,4,male single,none,4,car,27,none,own,2,unskilled resident,1,none,yes,1,closed,route_f,type_4,group_x,B07,1.0,route_f,type_4,0.9577587028982435,good
no checking,15,critical/other existing credit,furniture/equipment,2788,<100,4<=X<7,2,female div/dep/mar,co applicant,3,car,24,bank,own,2,skilled,1,none,yes,1,closed,route_f,type_4,group_x,A12,0.8037237669506069,route_f,type_1,0.05637568933924628,good
0<=X<200,12,existing paid,radio/tv,2930,<100,4<=X<7,2,female div/dep/mar,none,1,real estate,27,none,own,1,skilled,1,none,yes,1,closed,route_f,type_4,group_x,B07,0.879278912778086,route_f,type_1,0.8218947673036423,good
no checking,24,critical/other existing credit,education,1927,no known savings,1<=X<4,3,female div/dep/mar,none,2,car,33,none,own,2,skilled,1,yes,yes,1,closed,route_f,type_4,group_n,B07,1.0,route_f,type_4,0.0,good
0<=X<200,36,critical/other existing credit,new car,2820,<100,<1,4,male div/sep,none,4,car,27,none,own,2,skilled,1,none,yes,0,pending,route_c,type_1,group_n,A12,0.0,route_c,type_1,0.0,bad
no checking,24,existing paid,retraining,937,<100,<1,4,male mar/wid,none,3,car,27,none,own,2,unskilled resident,1,none,yes,1,closed,route_f,type_1,group_n,B07,0.7494433201878161,route_f,type_4,1.0,good
0<=X<200,18,critical/other existing credit,new car,1056,<100,>=7,3,male single,guarantor,3,real estate,30,bank,own,2,skilled,1,none,yes,0,pending,route_c,type_1,group_n,A12,0.0,route_f,type_4,0.07505478169721647,bad
0<=X<200,12,critical/other existing credit,new car,3124,<100,<1,1,male single,none,3,real estate,49,bank,own,2,unskilled resident,2,none,yes,1,closed,route_f,type_4,group_x,B07,0.6331242981559719,route_c,type_4,1.0,good
no checking,9,existing paid,furniture/equipment,1388,<100,1<=X<4,4,female div/dep/mar,none,2,real estate,26,none,rent,1,skilled,1,none,yes,1,closed,route_f,type_4,group_x,B07,1.0,route_f,type_4,0.8170240718257422,good
0<=X<200,36,existing paid,repairs,2384,<100,<1,4,male single,none,1,no known property,33,none,rent,1,unskilled resident,1,none,yes,0,pending,route_c,type_1,group_n,A12,0.10729648073686397,route_c,type_4,0.0,bad
no checking,12,existing paid,new car,2133,no known savings,>=7,4,female div/dep/mar,none,4,no known property,52,none,for free,1,high qualif/self emp/mgmt,1,yes,yes,1,closed,route_c,type_4,group_x,B07,0.8792047351576402,route_f,type_4,0.10878181456128035,good
<0,18,existing paid,furniture/equipment,2039,<100,1<=X<4,1,female div/dep/mar,none,4,real estate,20,bank,rent,1,skilled,1,none,yes,0,pending,route_c,type_1,group_n,A12,0.0,route_f,type_1,0.0,bad
<0,9,critical/other existing credit,new car,2799,<100,1<=X<4,2,male single,none,2,real estate,36,none,rent,2,skilled,2,none,yes,1,closed,route_f,type_4,group_x,B07,0.12238417558638091,route_f,type_4,0.9418206600761277,good
<0,12,existing paid,furniture/equipment,1289,<100,1<=X<4,4,male single,guarantor,1,life insurance,21,none,own,1,unskilled resident,1,none,yes,1,closed,route_f,type_4,group_x,B07,0.7680964509078957,route_c,type_4,1.0,good
<0,18,existing paid,domestic appliance,1217,<100,1<=X<4,4,male mar/wid,none,3,real estate,47,none,own,1,unskilled resident,1,yes,yes,0,pending,route_c,type_1,group_n,A12,0.0,route_f,type_1,0.0,bad
<0,12,critical/other existing credit,furniture/equipment,2246,<100,>=7,3,male single,none,3,life insurance,60,none,own,2,skilled,1,none,yes,0,pending,route_c,type_1,group_n,A12,0.0,route_f,type_1,1.0,bad
<0,12,critical/other existing credit,radio/tv,385,<100,4<=X<7,4,female div/dep/mar,none,3,real estate,58,none,own,4,unskilled resident,1,yes,yes,1,closed,route_f,type_4,group_x,B07,0.9003156340356465,route_f,type_4,0.0,good
0<=X<200,24,delayed previously,new car,1965,no known savings,1<=X<4,4,female div/dep/mar,none,4,car,42,none,rent,2,skilled,1,yes,yes,1,closed,route_f,type_4,group_x,B07,0.9610626360847496,route_f,type_4,1.0,good
no checking,21,existing paid,business,1572,>=1000,>=7,4,female div/dep/mar,none,4,real estate,36,bank,own,1,unskilled resident,1,none,yes,1,closed,route_f,type_4,group_x,B07,0.8325530826786358,route_c,type_1,0.1434008930201046,good
0<=X<200,24,existing paid,new car,2718,<100,1<=X<4,3,female div/dep/mar,none,4,life insurance,20,none,rent,1,unskilled resident,1,yes,yes,0,pending,route_c,type_4,group_n,B07,0.028396536884599772,route_f,type_4,0.0,bad
<0,24,all paid,other,1358,no known savings,>=7,4,male single,none,3,car,40,stores,own,1,high qualif/self emp/mgmt,1,yes,yes,1,pending,route_c,type_4,group_n,A12,0.0,route_c,type_1,0.0,bad
0<=X<200,6,all paid,new car,931,100<=X<500,<1,1,female div/dep/mar,none,1,life insurance,32,stores,own,1,unskilled resident,1,none,yes,0,pending,route_c,type_1,group_n,A12,0.07276774048587685,route_c,type_4,0.600987276229808,bad
<0,24,existing paid,new car,1442,<100,4<=X<7,4,female div/dep/mar,none,4,car,23,none,rent,2,skilled,1,none,yes,0,pending,route_c,type_1,group_n,A12,0.02655293381363875,route_c,type_4,0.0,bad
0<=X<200,24,no credits/all paid,business,4241,<100,1<=X<4,1,male single,none,4,real estate,36,none,own,3,unskilled resident,1,yes,yes,0,pending,route_c,type_1,group_n,A12,0.027386434605723115,route_f,type_1,0.10655927621034555,bad
no checking,18,critical/other existing credit,new car,2775,<100,4<=X<7,2,male single,none,2,life insurance,31,bank,own,2,skilled,1,none,yes,0,pending,route_c,type_1,group_n,A12,0.80836427552476,route_c,type_1,0.0,bad
no checking,24,delayed previously,business,3863,<100,1<=X<4,1,male single,none,2,no known property,32,none,for free,1,skilled,1,none,yes,1,closed,route_f,type_4,group_x,B07,1.0,route_f,type_1,1.0,good
0<=X<200,7,existing paid,radio/tv,2329,<100,<1,1,female div/dep/mar,guarantor,1,real estate,45,none,own,1,skilled,1,none,yes,1,closed,route_f,type_4,group_x,B07,0.0,route_f,type_4,0.7010229659230538,good
0<=X<200,9,existing paid,furniture/equipment,918,<100,1<=X<4,4,female div/dep/mar,none,1,life insurance,30,none,own,1,skilled,1,none,yes,0,pending,route_c,type_4,group_n,B07,0.9779257242364257,route_f,type_1,0.0,bad
0<=X<200,24,all paid,education,1837,<100,4<=X<7,4,female div/dep/mar,none,4,no known property,34,bank,for free,1,unskilled resident,1,none,yes,0,pending,route_c,type_1,group_n,A12,0.1388950298717823,route_c,type_1,0.0,bad
no checking,36,existing paid,furniture/equipment,3349,<100,1<=X<4,4,female div/dep/mar,none,2,car,28,none,own,1,high qualif/self emp/mgmt,1,yes,yes,0,pending,route_c,type_1,group_n,A12,0.0,route_f,type_1,0.0,bad
>=200,10,existing paid,furniture/equipment,1275,<100,<1,4,female div/dep/mar,none,2,life insurance,23,none,own,1,skilled,1,none,yes,1,closed,route_f,type_4,group_x,B07,1.0,route_c,type_4,0.8985314074044748,good
<0,24,all paid,furniture/equipment,2828,500<=X<1000,1<=X<4,4,male single,none,4,real estate,22,stores,own,1,skilled,1,yes,yes,1,closed,route_f,type_1,group_x,B07,0.19139297716693485,route_c,type_1,0.0,good
no checking,24,critical/other existing credit,business,4526,<100,1<=X<4,3,male single,none,2,real estate,74,none,own,1,high qualif/self emp/mgmt,1,yes,yes,1,closed,route_f,type_1,group_x,A12,1.0,route_f,type_4,0.0,good
0<=X<200,36,existing paid,radio/tv,2671,100<=X<500,1<=X<4,4,female div/dep/mar,co applicant,4,no known property,50,none,for free,1,skilled,1,none,yes,0,pending,route_c,type_1,group_n,A12,0.0,route_c,type_1,0.0,bad
no checking,18,existing paid,radio/tv,2051,<100,<1,4,male single,none,1,real estate,33,none,own,1,skilled,1,none,yes,1,closed,route_f,type_4,group_n,B07,0.0,route_f,type_4,0.7339302482019239,good
no checking,15,existing paid,used car,1300,no known savings,>=7,4,male single,none,4,no known property,45,bank,for free,1,skilled,2,none,yes,1,closed,route_f,type_4,group_x,B07,0.14294562613944217,route_f,type_4,0.21925602962110705,good
<0,12,existing paid,domestic appliance,741,100<=X<500,unemployed,4,female div/dep/mar,none,3,life insurance,22,none,own,1,skilled,1,none,yes,0,pending,route_c,type_1,group_n,B07,0.014758520626368059,route_c,type_1,0.9270645899486878,bad
>=200,10,existing paid,new car,1240,100<=X<500,>=7,1,female div/dep/mar,none,4,no known property,48,none,for free,1,unskilled resident,2,none,yes,0,pending,route_c,type_1,group_n,A12,0.0,route_f,type_4,0.0,bad
<0,21,existing paid,radio/tv,3357,>=1000,<1,4,female div/dep/mar,none,2,car,29,bank,own,1,skilled,1,none,yes,1,closed,route_f,type_4,group_x,B07,1.0,route_f,type_1,0.8737856364620762,good
<0,24,all paid,used car,3632,<100,1<=X<4,1,female div/dep/mar,guarantor,4,car,22,bank,rent,1,skilled,1,none,no,1,closed,route_f,type_4,group_x,B07,0.0,route_c,type_4,1.0,good
no checking,18,delayed previously,furniture/equipment,1808,<100,4<=X<7,4,female div/dep/mar,none,1,real estate,22,none,own,1,skilled,1,none,yes,0,pending,route_c,type_1,group_n,A12,0.0,route_c,type_4,0.8458248767653813,bad
0<=X<200,48,no credits/all paid,business,12204,no known savings,1<=X<4,2,male single,none,2,car,48,bank,own,1,high qualif/self emp/mgmt,1,yes,yes,1,closed,route_f,type_4,group_x,B07,0.06954797327200173,route_c,type_4,1.0,good
0<=X<200,60,delayed previously,radio/tv,9157,no known savings,1<=X<4,2,male single,none,2,no known property,27,none,for free,1,high qualif/self emp/mgmt,1,none,yes,1,pending,route_f,type_4,group_n,B07,0.8524476248110288,route_f,type_4,0.8265259338702782,good
<0,6,critical/other existing credit,new car,3676,<100,1<=X<4,1,male single,none,3,real estate,37,none,rent,3,skilled,2,none,yes,1,closed,route_f,type_4,group_x,B07,0.9854937794770636,route_f,type_4,1.0,good
0<=X<200,30,existing paid,furniture/equipment,3441,100<=X<500,1<=X<4,2,female div/dep/mar,co applicant,4,car,21,none,rent,1,skilled,1,none,yes,0,pending,route_c,type_1,group_n,A12,0.1443106768685204,route_f,type_4,1.0,bad
no checking,12,existing paid,new car,640,<100,1<=X<4,4,male div/sep,none,2,real estate,49,none,own,1,unskilled resident,1,none,yes,1,closed,route_f,type_4,group_x,A12,1.0,route_c,type_4,1.0,good
0<=X<200,21,critical/other existing credit,business,3652,<100,4<=X<7,2,male single,none,3,life insurance,27,none,own,2,skilled,1,none,yes,1,closed,route_f,type_4,group_x,B07,1.0,route_f,type_1,0.7216649701351914,good
no checking,18,critical/other existing credit,new car,1530,<100,1<=X<4,3,male single,none,2,life insurance,32,bank,own,2,skilled,1,none,yes,0,pending,route_c,type_1,group_n,A12,0.15020231243579474,route_f,type_1,0.0,bad
no checking,48,existing paid,business,3914,no known savings,1<=X<4,4,male div/sep,none,2,real estate,38,bank,own,1,skilled,1,none,yes,0,pending,route_c,type_1,group_n,A12,1.0,route_f,type_4,0.23693937555328276,bad
<0,12,existing paid,furniture/equipment,1858,<100,<1,4,female div/dep/mar,none,1,car,22,none,rent,1,skilled,1,none,yes,1,closed,route_f,type_4,group_x,B07,0.690381767632646,route_c,type_4,0.8370661800927746,good
<0,18,existing paid,radio/tv,2600,<100,1<=X<4,4,male single,none,4,no known property,65,none,for free,2,skilled,1,none,yes,0,pending,route_c,type_1,group_x,B07,0.8534851708839719,route_c,type_1,1.0,bad
no checking,15,existing paid,radio/tv,1979,no known savings,>=7,4,male single,none,2,car,35,none,own,1,skilled,1,none,yes,1,closed,route_f,type_4,group_x,B07,1.0,route_f,type_4,0.9128673438324739,good
>=200,6,existing paid,furniture/equipment,2116,<100,1<=X<4,2,male single,none,2,real estate,41,none,own,1,skilled,1,yes,yes,1,closed,route_f,type_4,group_x,B07,0.7945916868121995,route_c,type_4,1.0,good
0<=X<200,9,all paid,new car,1437,100<=X<500,4<=X<7,2,male single,none,3,no known property,29,none,own,1,skilled,1,none,yes,0,pending,route_c,type_1,group_n,A12,0.0,route_c,type_4,0.7193132764032573,bad
no checking,42,critical/other existing credit,furniture/equipment,4042,500<=X<1000,1<=X<4,4,male single,none,4,real estate,36,none,own,2,skilled,1,yes,yes,1,closed,route_f,type_4,group_x,A12,1.0,route_f,type_4,0.0,good
no checking,9,existing paid,education,3832,no known savings,>=7,1,male single,none,4,real estate,64,none,own,1,unskilled resident,1,none,yes,1,closed,route_f,type_4,group_x,B07,1.0,route_c,type_4,0.8227504579609564,good
<0,24,existing paid,radio/tv,3660,<100,1<=X<4,2,female div/dep/mar,none,4,car,28,none,own,1,skilled,1,none,yes,1,closed,route_f,type_1,group_x,B07,0.9238098902197901,route_f,type_4,1.0,good
<0,18,all paid,furniture/equipment,1553,<100,1<=X<4,4,male single,none,3,car,44,bank,own,1,skilled,1,none,yes,0,pending,route_c,type_1,group_n,A12,0.9147378785464854,route_c,type_4,0.018872509892466208,bad
0<=X<200,15,existing paid,radio/tv,1444,no known savings,<1,4,male single,none,1,life insurance,23,none,own,1,skilled,1,none,yes,1,closed,route_f,type_4,group_x,B07,0.9930509359393462,route_c,type_4,0.09368660398974094,good
no checking,9,existing paid,furniture/equipment,1980,<100,<1,2,female div/dep/mar,co applicant,2,car,19,none,rent,2,skilled,1,none,yes,0,pending,route_c,type_1,group_n,B07,0.04649596849983857,route_f,type_1,0.9006691931237337,bad
0<=X<200,24,existing paid,new car,1355,<100,<1,3,female div/dep/mar,none,4,car,25,none,own,1,unskilled resident,1,yes,yes,0,pending,route_c,type_1,group_n,B07,0.0,route_f,type_1,0.811628410562848,bad
no checking,12,existing paid,education,1393,<100,>=7,4,male single,none,4,life insurance,47,bank,own,3,skilled,2,yes,yes,1,closed,route_f,type_1,group_n,B07,1.0,route_c,type_4,1.0,good
no checking,24,existing paid,radio/tv,1376,500<=X<1000,4<=X<7,4,female div/dep/mar,none,1,car,28,none,own,1,skilled,1,none,yes,1,closed,route_f,type_4,group_x,B07,0.0,route_f,type_1,0.7915082471410755,good
no checking,60,delayed previously,radio/tv,15653,<100,4<=X<7,2,male single,none,4,car,21,none,own,2,skilled,1,yes,yes,1,closed,route_f,type_4,group_x,B07,1.0,route_f,type_4,1.0,good
no checking,12,existing paid,radio/tv,1493,<100,<1,4,female div/dep/mar,none,3,car,34,none,own,1,skilled,2,none,yes,1,closed,route_f,type_4,group_x,A12,1.0,route_f,type_4,0.9768092167157048,good
<0,42,delayed previously,radio/tv,4370,<100,4<=X<7,3,male single,none,2,life insurance,26,bank,own,2,skilled,2,yes,yes,0,pending,route_c,type_1,group_n,A12,0.0,route_f,type_1,0.9339576402847464,bad
<0,18,existing paid,education,750,<100,unemployed,4,female div/dep/mar,none,1,real estate,27,none,own,1,unemp/unskilled non res,1,none,yes,0,pending,route_c,type_1,group_n,A12,1.0,route_f,type_1,0.09359056360691775,bad
0<=X<200,15,existing paid,repairs,1308,<100,>=7,4,male single,none,4,car,38,none,own,2,unskilled resident,1,none,yes,1,closed,route_f,type_1,group_n,B07,1.0,route_f,type_1,0.9845361888650774,good
no checking,15,existing paid,education,4623,100<=X<500,1<=X<4,3,male single,none,2,life insurance,40,none,own,1,high qualif/self emp/mgmt,1,yes,yes,0,pending,route_c,type_1,group_n,A12,0.1045220569926763,route_c,type_1,0.0,bad
no checking,24,critical/other existing credit,radio/tv,1851,<100,4<=X<7,4,male mar/wid,guarantor,2,car,33,none,own,2,skilled,1,yes,yes,1,closed,route_f,type_4,group_n,B07,1.0,route_c,type_1,0.0,good
<0,18,critical/other existing credit,radio/tv,1880,<100,4<=X<7,4,male mar/wid,none,1,life insurance,32,none,own,2,high qualif/self emp/mgmt,1,yes,yes,1,closed,route_f,type_1,group_x,B07,1.0,route_f,type_4,1.0,good
no checking,36,delayed previously,business,7980,no known savings,<1,4,male single,none,4,car,27,none,rent,2,skilled,1,yes,yes,0,pending,route_c,type_1,group_n,A12,0.9162080922174605,route_c,type_1,1.0,bad
<0,30,no credits/all paid,furniture/equipment,4583,<100,1<=X<4,2,male div/sep,guarantor,2,real estate,32,none,own,2,skilled,1,none,yes,0,closed,route_f,type_4,group_x,B07,0.0,route_f,type_4,0.0,good
no checking,12,existing paid,new car,1386,500<=X<1000,1<=X<4,2,female div/dep/mar,none,2,life insurance,26,none,own,1,skilled,1,none,yes,0,pending,route_c,type_1,group_n,B07,1.0,route_c,type_1,1.0,bad
>=200,24,existing paid,new car,947,<100,4<=X<7,4,male single,none,3,no known property,38,bank,for free,1,skilled,2,none,yes,0,pending,route_c,type_1,group_n,A12,0.08420513389894405,route_c,type_1,0.8867500889763759,bad
<0,12,existing paid,education,684,<100,1<=X<4,4,male single,none,4,car,40,none,rent,1,unskilled resident,2,none,yes,0,pending,route_c,type_1,group_n,A12,0.0,route_f,type_4,0.8229137596169717,bad
<0,48,existing paid,education,7476,<100,4<=X<7,4,male single,none,1,no known property,50,none,for free,1,high qualif/self emp/mgmt,1,yes,yes,1,closed,route_f,type_4,group_x,B07,1.0,route_c,type_4,0.7681632730591462,good
0<=X<200,12,existing paid,furniture/equipment,1922,<100,1<=X<4,4,male single,none,2,life insurance,37,none,own,1,unskilled resident,1,none,yes,0,pending,route_c,type_1,group_n,A12,0.0,route_c,type_1,1.0,bad
<0,24,existing paid,new car,2303,<100,>=7,4,male single,co applicant,1,real estate,45,none,own,1,skilled,1,none,yes,0,pending,route_c,type_1,group_x,A12,0.0,route_f,type_1,0.0,bad
0<=X<200,36,delayed previously,new car,8086,100<=X<500,>=7,2,male single,none,4,car,42,none,own,4,high qualif/self emp/mgmt,1,yes,yes,0,pending,route_c,type_1,group_x,A12,0.12733616715213752,route_f,type_1,0.0,bad
no checking,24,critical/other existing credit,used car,2346,<100,4<=X<7,4,male single,none,3,car,35,none,own,2,skilled,1,yes,yes,1,closed,route_f,type_4,group_x,B07,0.9834182094957714,route_f,type_1,1.0,good
<0,14,existing paid,new car,3973,<100,unemployed,1,male single,none,4,no known property,22,none,for free,1,skilled,1,none,yes,1,closed,route_f,type_1,group_x,B07,1.0,route_f,type_4,1.0,good
0<=X<200,12,existing paid,new car,888,<100,>=7,4,male single,none,4,car,41,bank,own,1,unskilled resident,2,none,yes,0,pending,route_c,type_1,group_n,A12,0.0,route_c,type_1,0.11215628476093958,bad
no checking,48,existing paid,radio/tv,10222,no known savings,4<=X<7,4,male single,none,3,car,37,stores,own,1,skilled,1,yes,yes,1,closed,route_f,type_4,group_n,B07,0.9480263955969599,route_f,type_4,0.0,good
0<=X<200,30,no credits/all paid,business,4221,<100,1<=X<4,2,female div/dep/mar,none,1,car,28,none,own,2,skilled,1,none,yes,1,closed,route_f,type_4,group_x,A12,1.0,route_f,type_4,1.0,good
0<=X<200,18,critical/other existing credit,furniture/equipment,6361,<100,>=7,2,male single,none,1,no known property,41,none,own,1,skilled,1,yes,yes,1,closed,route_f,type_1,group_x,B07,1.0,route_c,type_4,0.7255875115597431,good
>=200,12,existing paid,radio/tv,1297,<100,1<=X<4,3,male mar/wid,none,4,real estate,23,none,rent,1,skilled,1,none,yes,1,closed,route_f,type_4,group_x,B07,1.0,route_f,type_1,1.0,good
<0,12,existing paid,new car,900,no known savings,1<=X<4,4,male mar/wid,none,2,car,23,none,own,1,skilled,1,none,yes,0,pending,route_c,type_1,group_n,B07,0.0,route_c,type_1,0.0987763907648235,bad
no checking,21,existing paid,furniture/equipment,2241,<100,>=7,4,male single,none,2,real estate,50,none,own,2,skilled,1,none,yes,1,closed,route_f,type_4,group_x,B07,0.0,route_f,type_1,0.8215740944019108,good
0<=X<200,6,delayed previously,furniture/equipment,1050,<100,unemployed,4,male single,none,1,life insurance,35,stores,own,2,high qualif/self emp/mgmt,1,yes,yes,1,closed,route_f,type_4,group_n,A12,0.8234944406031932,route_c,type_1,1.0,good
>=200,6,critical/other existing credit,education,1047,<100,1<=X<4,2,female div/dep/mar,none,4,life insurance,50,none,own,1,unskilled resident,1,none,yes,1,closed,route_f,type_4,group_x,B07,0.9729008960595512,route_c,type_1,0.8959372488894557,good
no checking,24,critical/other existing credit,other,6314,<100,unemployed,4,male single,co applicant,2,no known property,27,bank,own,2,high qualif/self emp/mgmt,1,yes,yes,1,closed,route_f,type_4,group_x,B07,0.8328413042322917,route_f,type_4,1.0,good
0<=X<200,30,all paid,furniture/equipment,3496,>=1000,1<=X<4,4,male single,none,2,car,34,stores,own,1,skilled,2,yes,yes,1,closed,route_f,type_4,group_x,B07,0.7551572091257823,route_c,type_4,0.6274819127512927,good
no checking,48,all paid,business,3609,<100,1<=X<4,1,female div/dep/mar,none,1,real estate,27,stores,own,1,skilled,1,none,yes,1,closed,route_f,type_1,group_x,B07,0.8562137334603483,route_c,type_1,1.0,good
<0,12,critical/other existing credit,new car,4843,<100,>=7,3,male single,co applicant,4,life insurance,43,none,rent,2,skilled,1,yes,yes,0,pending,route_c,type_1,group_n,A12,0.19990075028402624,route_c,type_4,0.0,bad
>=200,30,critical/other existing credit,radio/tv,3017,<100,>=7,4,male single,none,4,life insurance,47,none,own,1,skilled,1,none,yes,1,closed,route_f,type_4,group_x,B07,0.9641506407994909,route_f,type_4,1.0,good
no checking,24,critical/other existing credit,business,4139,100<=X<500,1<=X<4,3,male single,none,3,life insurance,27,none,own,2,unskilled resident,1,yes,yes,1,closed,route_f,type_4,group_x,B07,1.0,route_c,type_1,0.9910939022213825,good
no checking,36,existing paid,business,5742,100<=X<500,4<=X<7,2,male single,none,2,car,31,none,own,2,skilled,1,yes,yes,1,closed,route_f,type_4,group_x,B07,0.9319617467162575,route_c,type_4,0.2529689805783241,good
no checking,60,existing paid,new car,10366,<100,>=7,2,male single,none,4,life insurance,42,none,own,1,high qualif/self emp/mgmt,1,yes,yes,1,closed,route_f,type_4,group_n,B07,0.7627519899226236,route_c,type_1,0.10279158491919303,good
no checking,6,critical/other existing credit,new car,2080,500<=X<1000,1<=X<4,1,male mar/wid,none,2,car,24,none,own,1,skilled,1,none,yes,1,closed,route_f,type_4,group_x,B07,1.0,route_f,type_4,0.9741795370427482,good
no checking,21,delayed previously,business,2580,500<=X<1000,<1,4,male single,none,2,real estate,41,bank,own,1,unskilled resident,2,none,yes,0,pending,route_c,type_1,group_n,A12,0.0,route_c,type_1,1.0,bad
no checking,30,critical/other existing credit,radio/tv,4530,<100,4<=X<7,4,female div/dep/mar,none,4,car,26,none,rent,1,high qualif/self emp/mgmt,1,yes,yes,1,closed,route_f,type_4,group_n,B07,0.0,route_c,type_4,1.0,good
no checking,24,critical/other existing credit,furniture/equipment,5150,<100,>=7,4,male single,none,4,car,33,none,own,1,skilled,1,yes,yes,1,closed,route_f,type_4,group_n,B07,0.9927635282873669,route_f,type_4,1.0,good
0<=X<200,72,existing paid,radio/tv,5595,100<=X<500,1<=X<4,2,male mar/wid,none,2,car,24,none,own,1,skilled,1,none,yes,0,pending,route_c,type_1,group_x,A12,0.03053987775445581,route_f,type_4,0.0,bad
<0,24,existing paid,radio/tv,2384,<100,>=7,4,male single,none,4,real estate,64,bank,rent,1,unskilled resident,1,none,yes,1,closed,route_f,type_4,group_n,B07,0.0,route_c,type_1,0.8010315006202094,good
no checking,18,existing paid,radio/tv,1453,<100,<1,3,female div/dep/mar,none,1,real estate,26,none,own,1,skilled,1,none,yes,1,closed,route_f,type_1,group_x,B07,0.7564701034952159,route_c,type_1,1.0,good
no checking,6,existing paid,education,1538,<100,<1,1,female div/dep/mar,none,2,no known property,56,none,own,1,skilled,1,none,yes,1,closed,route_f,type_4,group_x,B07,0.8938551387655544,route_f,type_1,0.7456709642743586,good
no checking,12,existing paid,radio/tv,2279,no known savings,1<=X<4,4,male single,none,4,no known property,37,none,for free,1,skilled,1,yes,yes,1,closed,route_f,type_4,group_n,B07,0.9007895666403947,route_c,type_4,0.17869838288832587,good
no checking,15,delayed previously,radio/tv,1478,<100,1<=X<4,4,male mar/wid,none,3,real estate,33,bank,own,2,skilled,1,none,yes,0,closed,route_f,type_4,group_x,B07,0.8975651118919519,route_c,type_1,1.0,good
no checking,24,critical/other existing credit,radio/tv,5103,<100,<1,3,male mar/wid,none,3,no known property,47,none,for free,3,skilled,1,yes,yes,1,closed,route_f,type_4,group_x,B07,1.0,route_f,type_1,0.0,good
0<=X<200,36,delayed previously,business,9857,100<=X<500,4<=X<7,1,male single,none,3,life insurance,31,none,own,2,unskilled resident,2,yes,yes,1,closed,route_f,type_4,group_x,B07,0.8391976318965636,route_f,type_1,0.5959655955088633,good
no checking,60,existing paid,new car,6527,no known savings,1<=X<4,4,male single,none,4,no known property,34,none,for free,1,skilled,2,yes,yes,1,closed,route_f,type_1,group_x,A12,1.0,route_c,type_4,0.8847951989155449,good
>=200,10,critical/other existing credit,radio/tv,1347,no known savings,4<=X<7,4,male single,none,2,life insurance,27,none,own,2,skilled,1,yes,yes,1,closed,route_f,type_4,group_x,A12,1.0,route_c,type_4,1.0,good
0<=X<200,36,delayed previously,new car,2862,100<=X<500,>=7,4,male single,none,3,no known property,30,none,for free,1,skilled,1,none,yes,1,closed,route_f,type_4,group_x,B07,1.0,route_c,type_4,0.8251863483276057,good
no checking,9,existing paid,radio/tv,2753,100<=X<500,>=7,3,male single,co applicant,4,car,35,none,own,1,skilled,1,yes,yes,1,closed,route_f,type_4,group_x,B07,0.9823600269948566,route_f,type_4,0.8391628877186478,good
<0,12,existing paid,new car,3651,>=1000,1<=X<4,1,male single,none,3,life insurance,31,none,own,1,skilled,2,none,yes,1,closed,route_f,type_4,group_x,B07,1.0,route_f,type_4,0.7979895619122601,good
<0,15,critical/other existing credit,furniture/equipment,975,<100,1<=X<4,2,male div/sep,none,3,life insurance,25,none,own,2,skilled,1,none,yes,1,closed,route_f,type_1,group_x,B07,0.977180831702532,route_c,type_4,1.0,good
0<=X<200,15,existing paid,repairs,2631,100<=X<500,1<=X<4,3,female div/dep/mar,none,2,real estate,25,none,own,1,unskilled resident,1,none,yes,1,closed,route_f,type_4,group_x,A12,0.05755700977248605,route_f,type_4,0.950809568395916,good
0<=X<200,24,existing paid,radio/tv,2896,100<=X<500,<1,2,male single,none,1,car,29,none,own,1,skilled,1,none,yes,1,closed,route_f,type_1,group_x,B07,0.8008603059397406,route_f,type_4,0.0,good
<0,6,critical/other existing credit,new car,4716,no known savings,<1,1,male single,none,3,real estate,44,none,own,2,unskilled resident,2,none,yes,1,closed,route_f,type_4,group_x,B07,0.6504281548914281,route_c,type_1,1.0,good
no checking,24,existing paid,radio/tv,2284,<100,4<=X<7,4,male single,none,2,car,28,none,own,1,skilled,1,yes,yes,1,closed,route_f,type_4,group_x,B07,1.0,route_c,type_4,0.1173475528069462,good
no checking,6,existing paid,used car,1236,500<=X<1000,1<=X<4,2,male single,none,4,life insurance,50,none,rent,1,skilled,1,none,yes,1,closed,route_f,type_4,group_x,B07,1.0,route_c,type_1,0.8138437260536725,good
0<=X<200,12,existing paid,radio/tv,1103,<100,4<=X<7,4,male single,guarantor,3,real estate,29,none,own,2,skilled,1,none,no,1,closed,route_f,type_4,group_x,A12,1.0,route_c,type_1,0.7522242580099895,good
no checking,12,critical/other existing credit,new car,926,<100,unemployed,1,female div/dep/mar,none,2,life insurance,38,none,own,1,unemp/unskilled non res,1,none,yes,1,closed,route_f,type_1,group_x,B07,0.0,route_f,type_4,0.23452941788819456,good
no checking,18,critical/other existing credit,radio/tv,1800,<100,1<=X<4,4,male single,none,2,car,24,none,own,2,skilled,1,none,yes,1,closed,route_f,type_1,group_x,B07,1.0,route_c,type_1,1.0,good
>=200,15,existing paid,education,1905,<100,>=7,4,male single,none,4,car,40,none,rent,1,high qualif/self emp/mgmt,1,yes,yes,1,closed,route_f,type_4,group_x,A12,0.9390661894148445,route_f,type_4,0.0,good
no checking,12,existing paid,furniture/equipment,1123,500<=X<1000,1<=X<4,4,female div/dep/mar,none,4,car,29,none,rent,1,unskilled resident,1,none,yes,0,pending,route_c,type_1,group_n,A12,0.055766470106588965,route_c,type_1,0.6389190734040564,bad
<0,48,critical/other existing credit,used car,6331,<100,>=7,4,male single,none,4,no known property,46,none,for free,2,skilled,1,yes,yes,0,pending,route_c,type_1,group_n,B07,0.0787892998130404,route_c,type_1,0.7740021601720489,bad
>=200,24,existing paid,radio/tv,1377,100<=X<500,>=7,4,female div/dep/mar,none,2,no known property,47,none,for free,1,skilled,1,yes,yes,1,closed,route_f,type_4,group_x,A12,1.0,route_f,type_4,0.0,good
0<=X<200,30,delayed previously,business,2503,100<=X<500,>=7,4,male single,none,2,life insurance,41,stores,own,2,skilled,1,none,yes,1,closed,route_f,type_4,group_x,B07,0.0,route_f,type_4,0.5856694133924591,good
0<=X<200,27,existing paid,business,2528,<100,<1,4,female div/dep/mar,none,1,life insurance,32,none,own,1,skilled,2,yes,yes,1,closed,route_f,type_1,group_n,B07,0.9134519399246372,route_f,type_4,0.7773498352036796,good
no checking,15,existing paid,new car,5324,500<=X<1000,>=7,1,female div/dep/mar,none,4,no known property,35,none,for free,1,skilled,1,none,yes,1,closed,route_f,type_4,group_x,B07,0.8014957365649696,route_f,type_1,0.8138861862671196,good
0<=X<200,48,existing paid,new car,6560,100<=X<500,4<=X<7,3,male single,none,2,life insurance,24,none,own,1,skilled,1,none,yes,0,pending,route_c,type_1,group_x,A12,0.20568862838277768,route_c,type_4,0.0,bad
0<=X<200,12,no credits/all paid,furniture/equipment,2969,<100,<1,4,female div/dep/mar,none,3,life insurance,25,none,rent,2,skilled,1,none,yes,0,pending,route_c,type_1,group_n,A12,0.05583694518393156,route_f,type_1,0.3428142841383618,bad
0<=X<200,9,existing paid,radio/tv,1206,<100,>=7,4,female div/dep/mar,none,4,real estate,25,none,own,1,skilled,1,none,yes,1,closed,route_f,type_4,group_x,A12,1.0,route_f,type_4,0.9459642374000996,good
0<=X<200,9,existing paid,radio/tv,2118,<100,1<=X<4,2,male single,none,2,real estate,37,none,own,1,unskilled resident,2,none,yes,1,closed,route_f,type_4,group_x,B07,1.0,route_c,type_1,0.9660660953567966,good
no checking,18,critical/other existing credit,radio/tv,629,500<=X<1000,>=7,4,male single,none,3,life insurance,32,bank,own,2,high qualif/self emp/mgmt,1,yes,yes,1,closed,route_f,type_4,group_x,B07,1.0,route_f,type_4,0.10312421116928583,good
<0,6,all paid,education,1198,<100,>=7,4,female div/dep/mar,none,4,no known property,35,none,for free,1,skilled,1,none,yes,0,pending,route_c,type_1,group_n,A12,0.0,route_c,type_1,0.0,bad
no checking,21,existing paid,used car,2476,no known savings,>=7,4,male single,none,4,real estate,46,none,own,1,high qualif/self emp/mgmt,1,yes,yes,1,closed,route_f,type_4,group_x,B07,0.9740427763134306,route_f,type_1,1.0,good
<0,9,critical/other existing credit,radio/tv,1138,<100,1<=X<4,4,male single,none,4,real estate,25,none,own,2,unskilled resident,1,none,yes,1,closed,route_f,type_4,group_x,B07,0.8708413308275534,route_f,type_1,0.05682451258272599,good
0<=X<200,60,existing paid,new car,14027,<100,4<=X<7,4,male single,none,2,no known property,27,none,own,1,high qualif/self emp/mgmt,1,yes,yes,0,pending,route_c,type_1,group_n,B07,0.0,route_f,type_1,0.02482418453384679,bad
no checking,30,critical/other existing credit,used car,7596,no known savings,>=7,1,male single,none,4,car,63,none,own,2,skilled,1,none,yes,1,closed,route_f,type_4,group_x,B07,0.9466568776350145,route_f,type_1,1.0,good
no checking,30,critical/other existing credit,radio/tv,3077,no known savings,>=7,3,male single,none,2,car,40,none,own,2,skilled,2,yes,yes,1,closed,route_f,type_4,group_x,B07,0.9222192681836159,route_c,type_1,1.0,good
no checking,18,existing paid,radio/tv,1505,<100,1<=X<4,4,male single,none,2,no known property,32,none,for free,1,high qualif/self emp/mgmt,1,yes,yes,1,closed,route_f,type_4,group_x,B07,0.8153900680404099,route_f,type_4,0.7809512980968871,good
>=200,24,critical/other existing credit,radio/tv,3148,no known savings,1<=X<4,3,male single,none,2,car,31,none,own,2,skilled,1,yes,yes,1,closed,route_c,type_4,group_x,A12,1.0,route_f,type_4,1.0,good
0<=X<200,20,no credits/all paid,used car,6148,100<=X<500,>=7,3,male mar/wid,none,4,car,31,bank,own,2,skilled,1,yes,yes,1,closed,route_f,type_4,group_n,A12,1.0,route_c,type_4,0.8396732966514067,good
>=200,9,no credits/all paid,radio/tv,1337,<100,<1,4,male single,none,2,car,34,none,own,2,high qualif/self emp/mgmt,1,yes,yes,0,pending,route_c,type_1,group_n,A12,0.0,route_c,type_1,0.09036577972212036,bad
0<=X<200,6,all paid,education,433,>=1000,<1,4,female div/dep/mar,none,2,life insurance,24,bank,rent,1,skilled,2,none,yes,0,pending,route_c,type_1,group_n,B07,0.10038701241083595,route_f,type_1,0.7215245480355754,bad
<0,12,existing paid,new car,1228,<100,1<=X<4,4,female div/dep/mar,none,2,real estate,24,none,own,1,unskilled resident,1,none,yes,0,pending,route_c,type_1,group_n,B07,0.06241641391754431,route_c,type_1,0.0,bad
0<=X<200,9,existing paid,radio/tv,790,500<=X<1000,1<=X<4,4,female div/dep/mar,none,3,real estate,66,none,own,1,unskilled resident,1,none,yes,1,closed,route_f,type_4,group_x,B07,0.036529022088321296,route_f,type_4,1.0,good
no checking,27,existing paid,new car,2570,<100,1<=X<4,3,female div/dep/mar,none,3,real estate,21,none,rent,1,skilled,1,none,yes,0,pending,route_c,type_1,group_x,A12,0.09076224464160455,route_c,type_1,0.20202799550360012,bad
no checking,6,critical/other existing credit,new car,250,>=1000,1<=X<4,2,female div/dep/mar,none,2,real estate,41,bank,own,2,unskilled resident,1,none,yes,1,closed,route_f,type_4,group_x,B07,1.0,route_f,type_4,1.0,good
no checking,15,critical/other existing credit,radio/tv,1316,500<=X<1000,1<=X<4,2,male mar/wid,none,2,life insurance,47,none,own,2,unskilled resident,1,none,yes,1,closed,route_f,type_4,group_x,B07,0.08880434305138586,route_f,type_4,1.0,good
<0,18,existing paid,radio/tv,1882,<100,1<=X<4,4,female div/dep/mar,none,4,car,25,bank,rent,2,skilled,1,none,yes,0,pending,route_c,type_1,group_n,A12,0.09978737986630522,route_c,type_1,0.07569825814967882,bad
0<=X<200,48,all paid,business,6416,<100,>=7,4,female div/dep/mar,none,3,no known property,59,none,rent,1,skilled,1,none,yes,0,pending,route_c,type_1,group_n,A12,0.021560232391846408,route_c,type_4,1.0,bad
>=200,24,critical/other existing credit,business,1275,>=1000,1<=X<4,2,male div/sep,none,4,real estate,36,none,own,2,skilled,1,yes,yes,1,closed,route_f,type_4,group_x,B07,0.9707977296117647,route_f,type_4,0.0,good
0<=X<200,24,delayed previously,radio/tv,6403,<100,<1,1,male single,none,2,car,33,none,own,1,skilled,1,none,yes,1,closed,route_c,type_4,group_x,B07,1.0,route_f,type_4,0.16463286626515136,good
<0,24,existing paid,radio/tv,1987,<100,1<=X<4,2,male single,none,4,real estate,21,none,rent,1,unskilled resident,2,none,yes,0,pending,route_c,type_1,group_n,A12,0.0,route_c,type_4,0.20753804464739486,bad
0<=X<200,8,existing paid,radio/tv,760,<100,4<=X<7,4,female div/dep/mar,guarantor,2,real estate,44,none,own,1,unskilled resident,1,none,yes,1,closed,route_f,type_4,group_x,B07,1.0,route_f,type_1,0.0,good
no checking,24,existing paid,used car,2603,>=1000,1<=X<4,2,female div/dep/mar,none,4,car,28,none,rent,1,skilled,1,yes,yes,1,closed,route_f,type_4,group_x,B07,1.0,route_c,type_4,0.9763224765398217,good
no checking,4,critical/other existing credit,new car,3380,<100,4<=X<7,1,female div/dep/mar,none,1,real estate,37,none,own,1,skilled,2,none,yes,1,closed,route_f,type_4,group_x,B07,0.0,route_c,type_4,1.0,good
0<=X<200,36,all paid,domestic appliance,3990,no known savings,<1,3,female div/dep/mar,none,2,no known property,29,bank,own,1,unemp/unskilled non res,1,none,yes,1,closed,route_f,type_4,group_x,B07,0.8929635339462272,route_c,type_4,0.9958645895872149,good
0<=X<200,24,existing paid,used car,11560,<100,1<=X<4,1,female div/dep/mar,none,4,car,23,none,rent,2,high qualif/self emp/mgmt,1,none,yes,0,pending,route_c,type_1,group_n,A12,0.9531146072347447,route_f,type_1,0.01532638874910874,bad
<0,18,existing paid,new car,4380,100<=X<500,1<=X<4,3,male single,none,4,car,35,none,own,1,unskilled resident,2,yes,yes,1,closed,route_f,type_4,group_n,B07,0.9347812669542319,route_f,type_1,1.0,good
no checking,6,critical/other existing credit,new car,6761,<100,4<=X<7,1,male single,none,3,no known property,45,none,own,2,high qualif/self emp/mgmt,2,yes,yes,1,closed,route_f,type_4,group_n,B07,0.8067977005828504,route_c,type_1,0.9801942331692839,good
0<=X<200,30,no credits/all paid,business,4280,100<=X<500,1<=X<4,4,female div/dep/mar,none,4,car,26,none,rent,2,unskilled resident,1,none,yes,0,pending,route_c,type_1,group_n,A12,0.0,route_c,type_1,0.8338810846445233,bad
<0,24,all paid,new car,2325,100<=X<500,4<=X<7,2,male single,none,3,car,32,bank,own,1,skilled,1,none,yes,0,closed,route_f,type_4,group_x,B07,1.0,route_c,type_1,1.0,good
0<=X<200,10,all paid,radio/tv,1048,<100,1<=X<4,4,male single,none,4,real estate,23,stores,own,1,unskilled resident,1,none,yes,1,closed,route_f,type_4,group_x,B07,1.0,route_c,type_4,0.0,good
no checking,21,existing paid,radio/tv,3160,no known savings,>=7,4,male single,none,3,life insurance,41,none,own,1,skilled,1,yes,yes,1,closed,route_f,type_4,group_x,B07,0.07345685191050641,route_f,type_1,1.0,good
<0,24,all paid,furniture/equipment,2483,500<=X<1000,1<=X<4,4,male single,none,4,real estate,22,stores,own,1,skilled,1,yes,yes,0,closed,route_f,type_4,group_x,B07,0.0,route_f,type_4,1.0,good
<0,39,critical/other existing credit,furniture/equipment,14179,no known savings,4<=X<7,4,male single,none,4,life insurance,30,none,own,2,high qualif/self emp/mgmt,1,yes,yes,1,closed,route_f,type_1,group_n,B07,0.08497274220534591,route_f,type_4,0.0,good
<0,13,critical/other existing credit,business,1797,<100,<1,3,male single,none,1,life insurance,28,bank,own,2,unskilled resident,1,none,yes,1,closed,route_f,type_4,group_n,A12,0.0,route_f,type_1,0.14763469438605104,good
<0,15,existing paid,new car,2511,<100,unemployed,1,female div/dep/mar,none,4,car,23,none,rent,1,skilled,1,none,yes,1,closed,route_f,type_4,group_x,B07,1.0,route_f,type_4,1.0,good
<0,12,existing paid,new car,1274,<100,<1,3,female div/dep/mar,none,1,real estate,37,none,own,1,unskilled resident,1,none,yes,0,pending,route_c,type_1,group_n,A12,0.0,route_c,type_1,0.2651588261439663,bad
no checking,21,existing paid,used car,5248,no known savings,1<=X<4,1,male single,none,3,car,26,none,own,1,skilled,1,none,yes,1,closed,route_f,type_4,group_x,B07,0.9744688895434953,route_c,type_1,0.8937980219021195,good
no checking,15,existing paid,used car,3029,<100,4<=X<7,2,male single,none,2,car,33,none,own,1,skilled,1,none,yes,1,closed,route_f,type_4,group_n,B07,0.9864537660450163,route_c,type_4,0.03820692004280368,good
<0,6,existing paid,furniture/equipment,428,<100,>=7,2,female div/dep/mar,none,1,life insurance,49,bank,own,1,skilled,1,yes,yes,1,closed,route_f,type_1,group_x,A12,0.0,route_f,type_4,0.0,good
<0,18,existing paid,new car,976,<100,<1,1,female div/dep/mar,none,2,car,23,none,own,1,unskilled resident,1,none,yes,0,pending,route_c,type_1,group_n,A12,0.1781336588019573,route_c,type_1,0.011842083169305632,bad
0<=X<200,12,existing paid,business,841,100<=X<500,4<=X<7,2,female div/dep/mar,none,4,real estate,23,none,rent,1,unskilled resident,1,none,yes,1,closed,route_f,type_4,group_x,B07,0.9973950252112259,route_f,type_4,0.8207472128267003,good
no checking,30,critical/other existing credit,radio/tv,5771,<100,4<=X<7,4,female div/dep/mar,none,2,car,25,none,own,2,skilled,1,none,yes,1,closed,route_f,type_4,group_x,B07,1.0,route_f,type_4,0.11662211275241825,good
no checking,12,delayed previously,repairs,1555,>=1000,>=7,4,male single,none,4,no known property,55,none,for free,2,skilled,2,none,yes,0,pending,route_c,type_1,group_n,B07,0.12453752722454958,route_f,type_4,1.0,bad
<0,24,existing paid,new car,1285,no known savings,4<=X<7,4,female div/dep/mar,none,4,no known property,32,none,rent,1,skilled,1,none,yes,0,pending,route_c,type_1,group_n,A12,1.0,route_c,type_4,0.26025778242666353,bad
>=200,6,critical/other existing credit,new car,1299,<100,1<=X<4,1,male single,none,1,real estate,74,none,own,3,unemp/unskilled non res,2,none,no,1,closed,route_f,type_4,group_x,A12,0.7632730063328177,route_f,type_4,0.997969764972677,good
>=200,15,critical/other existing credit,radio/tv,1271,no known savings,1<=X<4,3,male single,none,4,no known property,39,none,for free,2,skilled,1,yes,yes,0,pending,route_c,type_1,group_n,A12,0.1479538269414129,route_c,type_1,0.0,bad
no checking,24,existing paid,new car,1393,<100,1<=X<4,2,male single,guarantor,2,real estate,31,none,own,1,skilled,1,yes,yes,1,closed,route_f,type_4,group_n,B07,0.9393280785270346,route_c,type_4,1.0,good
<0,12,critical/other existing credit,new car,691,<100,>=7,4,male single,none,3,life insurance,35,none,own,2,skilled,1,none,yes,0,pending,route_c,type_1,group_n,B07,0.09483386474240735,route_c,type_4,0.0,bad
no checking,15,critical/other existing credit,new car,5045,no known savings,>=7,1,female div/dep/mar,none,4,car,59,none,own,1,skilled,1,yes,yes,1,closed,route_f,type_4,group_x,A12,0.0,route_c,type_4,1.0,good
<0,18,critical/other existing credit,furniture/equipment,2124,<100,1<=X<4,4,female div/dep/mar,none,4,real estate,24,none,rent,2,skilled,1,none,yes,0,pending,route_c,type_1,group_n,A12,0.0,route_c,type_1,1.0,bad
<0,12,existing paid,radio/tv,2214,<100,1<=X<4,4,male single,none,3,life insurance,24,none,own,1,unskilled resident,1,none,yes,1,closed,route_f,type_1,group_x,B07,1.0,route_c,type_1,0.2545989774797177,good
no checking,21,critical/other existing credit,new car,12680,no known savings,>=7,4,male single,none,4,no known property,30,none,for free,1,high qualif/self emp/mgmt,1,yes,yes,0,pending,route_c,type_1,group_n,A12,0.0,route_c,type_1,0.07626615439759742,bad
no checking,24,critical/other existing credit,new car,2463,100<=X<500,4<=X<7,4,male mar/wid,none,3,life insurance,27,none,own,2,skilled,1,yes,yes,1,closed,route_f,type_1,group_x,B07,1.0,route_c,type_4,0.9014844825239524,good
0<=X<200,12,existing paid,radio/tv,1155,<100,>=7,3,male mar/wid,guarantor,3,real estate,40,bank,own,2,unskilled resident,1,none,yes,0,closed,route_f,type_4,group_x,B07,1.0,route_f,type_1,1.0,good
<0,30,existing paid,furniture/equipment,3108,<100,<1,2,male div/sep,none,4,life insurance,31,none,own,1,unskilled resident,1,none,yes,0,pending,route_c,type_1,group_n,A12,0.0,route_c,type_1,1.0,bad
no checking,10,existing paid,used car,2901,no known savings,<1,1,female div/dep/mar,none,4,real estate,31,none,rent,1,skilled,1,none,yes,1,closed,route_f,type_4,group_x,B07,0.9940601728262476,route_c,type_1,0.0,good
0<=X<200,12,critical/other existing credit,furniture/equipment,3617,<100,>=7,1,male single,none,4,car,28,none,rent,3,skilled,1,yes,yes,1,closed,route_f,type_4,group_x,B07,0.8276049792096013,route_f,type_4,0.26995604850735616,good
no checking,12,critical/other existing credit,radio/tv,1655,<100,>=7,2,male single,none,4,real estate,63,none,own,2,unskilled resident,1,yes,yes,1,closed,route_f,type_4,group_x,B07,0.998177544701777,route_f,type_1,1.0,good
<0,24,existing paid,used car,2812,no known savings,>=7,2,female div/dep/mar,none,4,real estate,26,none,rent,1,skilled,1,none,yes,1,closed,route_f,type_4,group_x,B07,0.8565369084087854,route_f,type_1,0.819324851547294,good
<0,36,critical/other existing credit,education,8065,<100,1<=X<4,3,female div/dep/mar,none,2,no known property,25,none,own,2,high qualif/self emp/mgmt,1,yes,yes,0,pending,route_c,type_1,group_n,A12,0.0,route_f,type_4,0.38128191948431983,bad
no checking,21,critical/other existing credit,used car,3275,<100,>=7,1,male single,none,4,car,36,none,own,1,high qualif/self emp/mgmt,1,yes,yes,1,closed,route_f,type_4,group_n,B07,1.0,route_f,type_1,1.0,good
no checking,24,critical/other existing credit,radio/tv,2223,100<=X<500,>=7,4,male single,none,4,life insurance,52,bank,own,2,skilled,1,none,yes,1,closed,route_f,type_4,group_x,B07,1.0,route_f,type_1,0.0,good
>=200,12,critical/other existing credit,new car,1480,500<=X<1000,unemployed,2,male single,none,4,no known property,66,bank,for free,3,unemp/unskilled non res,1,none,yes,0,closed,route_f,type_4,group_n,B07,0.8036124088983309,route_f,type_4,0.831873540143677,good
<0,24,existing paid,new car,1371,no known savings,1<=X<4,4,female div/dep/mar,none,4,real estate,25,none,rent,1,skilled,1,none,yes,0,pending,route_c,type_1,group_x,B07,0.11282217681608775,route_c,type_4,1.0,bad
no checking,36,critical/other existing credit,new car,3535,<100,4<=X<7,4,male single,none,4,car,37,none,own,2,skilled,1,yes,yes,1,closed,route_f,type_4,group_x,B07,0.9990592815470386,route_f,type_1,0.36955944553390635,good
<0,18,existing paid,radio/tv,3509,<100,4<=X<7,4,female div/dep/mar,guarantor,1,real estate,25,none,own,1,skilled,1,none,yes,1,closed,route_f,type_1,group_n,B07,0.9281604519357626,route_c,type_1,1.0,good
no checking,36,critical/other existing credit,used car,5711,>=1000,>=7,4,male single,none,2,car,38,none,own,2,high qualif/self emp/mgmt,1,yes,yes,1,closed,route_f,type_4,group_x,B07,1.0,route_f,type_4,1.0,good
0<=X<200,18,existing paid,repairs,3872,<100,unemployed,2,female div/dep/mar,none,4,car,67,none,own,1,skilled,1,yes,yes,1,closed,route_f,type_4,group_x,A12,0.9778450941005472,route_c,type_1,0.24636463040671874,good
0<=X<200,39,critical/other existing credit,radio/tv,4933,<100,4<=X<7,2,male single,guarantor,2,real estate,25,none,own,2,skilled,1,none,yes,0,pending,route_c,type_4,group_n,A12,0.0,route_f,type_1,1.0,bad
no checking,24,critical/other existing credit,new car,1940,>=1000,>=7,4,male single,none,4,real estate,60,none,own,1,skilled,1,yes,yes,1,closed,route_f,type_4,group_x,B07,1.0,route_c,type_4,1.0,good
0<=X<200,12,no credits/all paid,retraining,1410,<100,1<=X<4,2,male single,none,2,real estate,31,none,own,1,unskilled resident,1,yes,yes,1,closed,route_f,type_4,group_x,B07,0.9977094138169441,route_c,type_4,0.10932229688151304,good
0<=X<200,12,existing paid,new car,836,100<=X<500,<1,4,female div/dep/mar,none,2,life insurance,23,bank,own,1,unskilled resident,1,none,yes,0,pending,route_c,type_1,group_n,A12,0.9892164604061062,route_c,type_4,0.14904312723651714,bad
0<=X<200,20,existing paid,used car,6468,no known savings,unemployed,1,male div/sep,none,4,real estate,60,none,own,1,high qualif/self emp/mgmt,1,yes,yes,1,closed,route_f,type_4,group_x,B07,0.9463235647456968,route_f,type_4,0.8498264036784043,good
0<=X<200,18,existing paid,business,1941,>=1000,1<=X<4,4,male single,none,2,life insurance,35,none,own,1,unskilled resident,1,yes,yes,1,closed,route_f,type_4,group_x,B07,1.0,route_c,type_4,0.14822164268570226,good
no checking,22,existing paid,radio/tv,2675,500<=X<1000,>=7,3,male single,none,4,car,40,none,own,1,skilled,1,none,yes,1,closed,route_f,type_4,group_x,B07,0.9304535976711796,route_f,type_1,0.295369911577646,good
no checking,48,critical/other existing credit,used car,2751,no known savings,>=7,4,male single,none,3,car,38,none,own,2,skilled,2,yes,yes,1,closed,route_f,type_1,group_x,B07,0.7952901687074624,route_f,type_4,0.0,good
0<=X<200,48,delayed previously,education,6224,<100,>=7,4,male single,none,4,no known property,50,none,for free,1,skilled,1,none,yes,0,pending,route_c,type_1,group_x,A12,0.0,route_c,type_1,0.0,bad
<0,40,critical/other existing credit,education,5998,<100,1<=X<4,4,male single,none,3,no known property,27,bank,own,1,skilled,1,yes,yes,0,pending,route_c,type_1,group_n,A12,0.17579763456026,route_c,type_4,0.09650062762082987,bad
0<=X<200,21,existing paid,business,1188,<100,>=7,2,female div/dep/mar,none,4,life insurance,39,none,own,1,skilled,2,none,yes,0,pending,route_c,type_1,group_n,A12,0.11025751139306805,route_c,type_1,0.0,bad
no checking,24,existing paid,used car,6313,no known savings,>=7,3,male single,none,4,car,41,none,own,1,high qualif/self emp/mgmt,2,yes,yes,1,closed,route_f,type_4,group_n,B07,0.9662104260225683,route_f,type_4,0.0,good
no checking,6,critical/other existing credit,furniture/equipment,1221,no known savings,1<=X<4,1,male mar/wid,none,2,life insurance,27,none,own,2,skilled,1,none,yes,1,closed,route_f,type_1,group_x,A12,1.0,route_f,type_1,1.0,good
>=200,24,existing paid,furniture/equipment,2892,<100,>=7,3,male div/sep,none,4,no known property,51,none,for free,1,skilled,1,none,yes,1,closed,route_f,type_4,group_x,A12,1.0,route_f,type_4,0.0,good
no checking,24,existing paid,furniture/equipment,3062,500<=X<1000,>=7,4,male single,none,3,no known property,32,none,rent,1,skilled,1,yes,yes,1,closed,route_f,type_4,group_x,B07,0.9646769093184147,route_c,type_1,0.003735837190842383,good
no checking,9,existing paid,furniture/equipment,2301,100<=X<500,<1,2,female div/dep/mar,none,4,life insurance,22,none,rent,1,skilled,1,none,yes,1,closed,route_f,type_4,group_x,B07,0.9780169441991069,route_f,type_1,0.8764496791958667,good
<0,18,existing paid,used car,7511,no known savings,>=7,1,male single,none,4,life insurance,51,none,for free,1,skilled,2,yes,yes,1,pending,route_c,type_1,group_n,A12,0.04363459948277003,route_c,type_4,0.2585428500198823,bad
no checking,12,critical/other existing credit,furniture/equipment,1258,<100,<1,2,female div/dep/mar,none,4,life insurance,22,none,rent,2,unskilled resident,1,none,yes,1,closed,route_f,type_4,group_x,B07,0.8897749791695444,route_f,type_4,0.1727681720525129,good
no checking,24,delayed previously,new car,717,no known savings,>=7,4,male mar/wid,none,4,car,54,none,own,2,skilled,1,yes,yes,1,closed,route_f,type_4,group_x,B07,1.0,route_f,type_4,0.9512502429163756,good
0<=X<200,9,existing paid,new car,1549,no known savings,<1,4,male single,none,2,real estate,35,none,own,1,unemp/unskilled non res,1,none,yes,1,closed,route_f,type_4,group_x,B07,1.0,route_f,type_4,0.7610707836355427,good
no checking,24,critical/other existing credit,education,1597,<100,>=7,4,male single,none,4,no known property,54,none,for free,2,skilled,2,none,yes,1,closed,route_f,type_1,group_x,B07,0.7764769733843685,route_f,type_4,0.0,good
0<=X<200,18,critical/other existing credit,radio/tv,1795,<100,>=7,3,female div/dep/mar,guarantor,4,real estate,48,bank,rent,2,unskilled resident,1,yes,yes,1,closed,route_f,type_4,group_x,B07,0.9749150572597536,route_f,type_4,0.115455921739817,good
<0,20,critical/other existing credit,furniture/equipment,4272,<100,>=7,1,female div/dep/mar,none,4,life insurance,24,none,own,2,skilled,1,none,yes,1,closed,route_f,type_4,group_n,B07,0.9598450554390463,route_f,type_4,1.0,good
no checking,12,critical/other existing credit,radio/tv,976,no known savings,>=7,4,male single,none,4,car,35,none,own,2,skilled,1,none,yes,1,closed,route_f,type_4,group_x,B07,1.0,route_f,type_4,0.02209235400152737,good
0<=X<200,12,existing paid,new car,7472,no known savings,unemployed,1,female div/dep/mar,none,2,real estate,24,none,rent,1,unemp/unskilled non res,1,none,yes,1,closed,route_f,type_1,group_x,B07,0.755604148320038,route_f,type_1,1.0,good
<0,36,existing paid,new car,9271,<100,4<=X<7,2,male single,none,1,car,24,none,own,1,skilled,1,yes,yes,0,pending,route_c,type_1,group_n,A12,0.0,route_c,type_1,0.15365623687837732,bad
0<=X<200,6,existing paid,radio/tv,590,<100,<1,3,male mar/wid,none,3,real estate,26,none,own,1,unskilled resident,1,none,no,1,closed,route_f,type_4,group_x,B07,0.9361675092241922,route_f,type_4,0.9915235111768286,good
no checking,12,critical/other existing credit,radio/tv,930,no known savings,>=7,4,male single,none,4,real estate,65,none,own,4,skilled,1,none,yes,1,closed,route_f,type_4,group_x,B07,1.0,route_c,type_4,1.0,good
0<=X<200,42,all paid,used car,9283,<100,unemployed,1,male single,none,2,no known property,55,bank,for free,1,high qualif/self emp/mgmt,1,yes,yes,1,closed,route_f,type_4,group_x,A12,0.9942300795591518,route_f,type_4,0.8001488604316176,good
0<=X<200,15,no credits/all paid,new car,1778,<100,<1,2,female div/dep/mar,none,1,real estate,26,none,rent,2,unemp/unskilled non res,1,none,yes,0,pending,route_c,type_1,group_n,A12,0.23798254054893897,route_f,type_1,0.5171547823375034,bad
0<=X<200,8,existing paid,business,907,<100,<1,3,male mar/wid,none,2,real estate,26,none,own,1,skilled,1,yes,yes,0,closed,route_f,type_4,group_x,B07,1.0,route_f,type_1,0.0,good
0<=X<200,6,existing paid,radio/tv,484,<100,4<=X<7,3,male mar/wid,guarantor,3,real estate,28,bank,own,1,unskilled resident,1,none,yes,0,closed,route_f,type_1,group_x,A12,0.9456454532698887,route_c,type_4,0.04122758409650541,good
<0,36,critical/other existing credit,used car,9629,<100,4<=X<7,4,male single,none,4,car,24,none,own,2,skilled,1,yes,yes,0,pending,route_c,type_1,group_n,A12,0.03175477729406204,route_c,type_1,0.1147092687692077,bad
<0,48,existing paid,domestic appliance,3051,<100,1<=X<4,3,male single,none,4,car,54,none,own,1,skilled,1,none,yes,0,pending,route_c,type_4,group_n,A12,0.9530858827585468,route_c,type_1,0.9168149212388905,bad
<0,48,existing paid,new car,3931,<100,4<=X<7,4,male single,none,4,no known property,46,none,for free,1,skilled,2,none,yes,0,pending,route_c,type_1,group_n,A12,0.11386998198998066,route_f,type_4,1.0,bad
0<=X<200,36,delayed previously,new car,7432,<100,1<=X<4,2,female div/dep/mar,none,2,life insurance,54,none,rent,1,skilled,1,none,yes,1,closed,route_f,type_4,group_n,B07,0.8234838029889409,route_f,type_1,0.0,good
no checking,6,existing paid,domestic appliance,1338,500<=X<1000,1<=X<4,1,male div/sep,none,4,real estate,62,none,own,1,skilled,1,none,yes,1,closed,route_f,type_4,group_x,B07,0.8908602831042983,route_f,type_4,0.8149072862538912,good
no checking,6,critical/other existing credit,radio/tv,1554,<100,4<=X<7,1,female div/dep/mar,none,2,car,24,none,rent,2,skilled,1,yes,yes,1,closed,route_f,type_4,group_x,B07,1.0,route_c,type_4,0.08881435867177677,good
<0,36,existing paid,other,15857,<100,unemployed,2,male div/sep,co applicant,3,car,43,none,own,1,high qualif/self emp/mgmt,1,none,yes,1,closed,route_f,type_4,group_x,B07,0.16241272945587978,route_f,type_4,0.666032577752607,good
<0,18,existing paid,radio/tv,1345,<100,1<=X<4,4,male mar/wid,none,3,real estate,26,bank,own,1,skilled,1,none,yes,0,pending,route_c,type_1,group_n,A12,0.0,route_f,type_1,0.35492345958936433,bad
no checking,12,existing paid,new car,1101,<100,1<=X<4,3,male mar/wid,none,2,real estate,27,none,own,2,skilled,1,yes,yes,1,closed,route_f,type_4,group_x,B07,1.0,route_c,type_1,1.0,good
>=200,12,existing paid,radio/tv,3016,<100,1<=X<4,3,male mar/wid,none,1,car,24,none,own,1,skilled,1,none,yes,1,closed,route_f,type_4,group_x,B07,0.9814320954832891,route_c,type_1,0.12942227742480872,good
<0,36,existing paid,furniture/equipment,2712,<100,>=7,2,male single,none,2,life insurance,41,bank,own,1,skilled,2,none,yes,0,pending,route_c,type_1,group_n,A12,0.0,route_c,type_1,0.0,bad
<0,8,critical/other existing credit,new car,731,<100,>=7,4,male single,none,4,real estate,47,none,own,2,unskilled resident,1,none,yes,1,closed,route_f,type_1,group_x,B07,0.0,route_f,type_1,0.0,good
no checking,18,critical/other existing credit,furniture/equipment,3780,<100,<1,3,male div/sep,none,2,car,35,none,own,2,high qualif/self emp/mgmt,1,yes,yes,1,closed,route_f,type_4,group_x,B07,0.797356346280403,route_f,type_4,1.0,good
<0,21,critical/other existing credit,new car,1602,<100,>=7,4,male mar/wid,none,3,car,30,none,own,2,skilled,1,yes,yes,0,closed,route_f,type_4,group_x,B07,0.9973891066004843,route_f,type_4,1.0,good
<0,18,critical/other existing credit,new car,3966,<100,>=7,1,female div/dep/mar,none,4,real estate,33,bank,rent,3,skilled,1,yes,yes,0,pending,route_c,type_1,group_n,A12,0.9912685099903228,route_c,type_1,1.0,bad
no checking,18,no credits/all paid,business,4165,<100,1<=X<4,2,male single,none,2,car,36,stores,own,2,skilled,2,none,yes,0,pending,route_c,type_1,group_n,A12,0.08389905759898356,route_c,type_1,0.20998104057581754,bad
<0,36,existing paid,used car,8335,no known savings,>=7,3,male single,none,4,no known property,47,none,for free,1,skilled,1,none,yes,0,pending,route_c,type_1,group_n,A12,0.0,route_c,type_4,0.10630728119312309,bad
0<=X<200,48,delayed previously,business,6681,no known savings,1<=X<4,4,male single,none,4,no known property,38,none,for free,1,skilled,2,yes,yes,1,closed,route_f,type_4,group_x,B07,0.8531846275958823,route_f,type_1,0.8283818178686905,good
no checking,24,delayed previously,business,2375,500<=X<1000,1<=X<4,4,male single,none,2,car,44,none,own,2,skilled,2,yes,yes,1,closed,route_f,type_4,group_x,B07,0.9452660536349317,route_c,type_4,1.0,good
<0,18,existing paid,new car,1216,<100,<1,4,female div/dep/mar,none,3,car,23,none,rent,1,skilled,1,yes,yes,0,pending,route_c,type_1,group_n,A12,0.004453363015783992,route_f,type_1,0.0,bad
<0,45,no credits/all paid,business,11816,<100,>=7,2,male single,none,4,car,29,none,rent,2,skilled,1,none,yes,0,pending,route_c,type_1,group_n,A12,0.03057739533157425,route_c,type_4,0.0,bad
0<=X<200,24,existing paid,radio/tv,5084,no known savings,>=7,2,female div/dep/mar,none,4,car,42,none,own,1,skilled,1,yes,yes,1,closed,route_f,type_4,group_x,B07,0.8954356773464063,route_f,type_1,0.7421103115987058,good
>=200,15,existing paid,radio/tv,2327,<100,<1,2,female div/dep/mar,none,3,real estate,25,none,own,1,unskilled resident,1,none,yes,0,pending,route_c,type_1,group_n,A12,0.11944168779443515,route_f,type_4,1.0,bad
<0,12,no credits/all paid,new car,1082,<100,1<=X<4,4,male single,none,4,car,48,bank,own,2,skilled,1,none,yes,0,pending,route_c,type_1,group_n,B07,0.0,route_c,type_1,0.0,bad
no checking,12,existing paid,radio/tv,886,no known savings,1<=X<4,4,female div/dep/mar,none,2,car,21,none,own,1,skilled,1,none,yes,1,pending,route_f,type_4,group_n,B07,0.0,route_f,type_4,1.0,good
no checking,4,existing paid,furniture/equipment,601,<100,<1,1,female div/dep/mar,none,3,real estate,23,none,rent,1,unskilled resident,2,none,yes,1,closed,route_f,type_1,group_n,B07,0.9281331249954516,route_c,type_4,0.9968807027472364,good
<0,24,critical/other existing credit,used car,2957,<100,>=7,4,male single,none,4,life insurance,63,none,own,2,skilled,1,yes,yes,1,closed,route_f,type_4,group_n,B07,1.0,route_c,type_4,0.7720424004073595,good
no checking,24,critical/other existing credit,radio/tv,2611,<100,>=7,4,male mar/wid,co applicant,3,real estate,46,none,own,2,skilled,1,none,yes,1,closed,route_f,type_4,group_x,B07,0.9824044699853627,route_c,type_1,0.8641769915314756,good
<0,36,existing paid,furniture/equipment,5179,<100,4<=X<7,4,male single,none,2,life insurance,29,none,own,1,skilled,1,none,yes,1,pending,route_c,type_1,group_n,A12,0.0,route_c,type_1,0.0,bad
no checking,21,delayed previously,used car,2993,<100,1<=X<4,3,male single,none,2,real estate,28,stores,own,2,unskilled resident,1,none,yes,1,closed,route_f,type_4,group_x,B07,1.0,route_f,type_1,0.0,good
no checking,18,existing paid,repairs,1943,<100,<1,4,female div/dep/mar,none,4,real estate,23,none,own,1,skilled,1,none,yes,0,pending,route_c,type_1,group_n,A12,0.2839141815432089,route_c,type_1,0.8978974557016789,bad
no checking,24,all paid,business,1559,<100,4<=X<7,4,male single,none,4,car,50,bank,own,1,skilled,1,yes,yes,1,closed,route_f,type_4,group_x,B07,1.0,route_c,type_1,0.7810354425797617,good
no checking,18,existing paid,furniture/equipment,3422,<100,>=7,4,male single,none,4,life insurance,47,bank,own,3,skilled,2,yes,yes,1,closed,route_f,type_4,group_x,B07,1.0,route_f,type_4,0.11697931484556598,good
0<=X<200,21,existing paid,furniture/equipment,3976,no known savings,4<=X<7,2,male single,none,3,car,35,none,own,1,skilled,1,yes,yes,1,closed,route_f,type_4,group_x,B07,0.13728032845115962,route_c,type_1,0.13384664045328187,good
no checking,18,existing paid,new car,6761,no known savings,1<=X<4,2,male single,none,4,car,68,none,rent,2,skilled,1,none,yes,0,pending,route_c,type_1,group_x,A12,0.0,route_c,type_1,0.7380380776654223,bad
no checking,24,existing paid,new car,1249,<100,<1,4,male mar/wid,none,2,real estate,28,none,own,1,skilled,1,none,yes,1,closed,route_f,type_4,group_x,B07,1.0,route_f,type_1,0.9399320677397799,good
<0,9,existing paid,radio/tv,1364,<100,4<=X<7,3,male single,none,4,real estate,59,none,own,1,skilled,1,none,yes,1,closed,route_f,type_4,group_n,A12,0.8300628365642216,route_f,type_4,1.0,good
<0,12,existing paid,radio/tv,709,<100,>=7,4,male single,none,4,real estate,57,stores,own,1,unskilled resident,1,none,yes,0,pending,route_c,type_1,group_n,A12,0.0,route_c,type_4,0.0,bad
<0,20,critical/other existing credit,new car,2235,<100,1<=X<4,4,male mar/wid,guarantor,2,life insurance,33,bank,rent,2,skilled,1,none,no,0,pending,route_c,type_1,group_n,A12,0.0,route_c,type_1,1.0,bad
no checking,24,critical/other existing credit,used car,4042,no known savings,4<=X<7,3,male single,none,4,life insurance,43,none,own,2,skilled,1,yes,yes,1,closed,route_f,type_4,group_x,B07,0.9466176106742283,route_c,type_4,1.0,good
no checking,15,critical/other existing credit,radio/tv,1471,<100,1<=X<4,4,male single,none,4,no known property,35,none,for free,2,skilled,1,yes,yes,1,closed,route_f,type_4,group_x,A12,0.9006389083421054,route_f,type_1,0.22130973046278368,good
<0,18,all paid,new car,1442,<100,4<=X<7,4,male single,none,4,no known property,32,none,for free,2,unskilled resident,2,none,yes,0,pending,route_c,type_1,group_x,A12,0.0,route_f,type_4,0.059832035374874776,bad
no checking,36,delayed previously,new car,10875,<100,>=7,2,male single,none,2,car,45,none,own,2,skilled,2,yes,yes,1,closed,route_f,type_4,group_n,A12,0.07052083093010116,route_c,type_4,0.9126626657204406,good
no checking,24,existing paid,new car,1474,100<=X<500,<1,4,male mar/wid,none,3,real estate,33,none,own,1,skilled,1,yes,yes,1,closed,route_f,type_4,group_x,B07,0.9841673218667005,route_f,type_4,0.013519734598259227,good
no checking,10,existing paid,retraining,894,no known savings,4<=X<7,4,female div/dep/mar,none,3,life insurance,40,none,own,1,skilled,1,yes,yes,1,closed,route_f,type_4,group_x,B07,0.7529705512974114,route_f,type_4,1.0,good
no checking,15,critical/other existing credit,furniture/equipment,3343,<100,1<=X<4,4,male single,none,2,no known property,28,none,for free,1,skilled,1,yes,yes,1,closed,route_f,type_4,group_x,B07,0.9011390251509506,route_c,type_1,0.0,good
<0,15,existing paid,new car,3959,<100,1<=X<4,3,female div/dep/mar,none,2,life insurance,29,none,own,1,skilled,1,yes,yes,0,pending,route_c,type_1,group_x,A12,0.0,route_c,type_1,0.0,bad
no checking,9,existing paid,new car,3577,100<=X<500,1<=X<4,1,male single,guarantor,2,real estate,26,none,rent,1,skilled,2,none,no,1,closed,route_f,type_1,group_x,B07,0.03233797994258423,route_f,type_1,0.25172544303857314,good
no checking,24,critical/other existing credit,used car,5804,>=1000,1<=X<4,4,male single,none,2,real estate,27,none,own,2,skilled,1,none,yes,1,closed,route_f,type_4,group_x,B07,1.0,route_f,type_1,1.0,good
no checking,18,delayed previously,business,2169,<100,1<=X<4,4,male mar/wid,none,2,car,28,none,own,1,skilled,1,yes,yes,0,pending,route_c,type_4,group_n,B07,0.03399263939567687,route_c,type_1,0.0,bad
<0,24,existing paid,radio/tv,2439,<100,<1,4,female div/dep/mar,none,4,real estate,35,none,own,1,skilled,1,yes,yes,0,pending,route_c,type_1,group_n,A12,0.8956689178878312,route_f,type_4,0.0,bad
no checking,27,critical/other existing credit,furniture/equipment,4526,>=1000,<1,4,male single,none,2,real estate,32,stores,own,2,unskilled resident,2,yes,yes,1,closed,route_f,type_4,group_x,B07,1.0,route_f,type_1,0.9544201519557712,good
no checking,10,existing paid,furniture/equipment,2210,<100,1<=X<4,2,male single,none,2,real estate,25,bank,rent,1,unskilled resident,1,none,yes,0,pending,route_c,type_1,group_n,A12,0.0,route_f,type_1,0.7658049428988346,bad
no checking,15,existing paid,furniture/equipment,2221,500<=X<1000,1<=X<4,2,female div/dep/mar,none,4,car,20,none,rent,1,skilled,1,none,yes,1,closed,route_f,type_4,group_n,B07,0.8491851279080915,route_c,type_4,0.6219737557781408,good
<0,18,existing paid,radio/tv,2389,<100,<1,4,female div/dep/mar,none,1,car,27,stores,own,1,skilled,1,none,yes,1,closed,route_f,type_4,group_x,B07,1.0,route_f,type_4,0.8642049879877519,good
no checking,12,critical/other existing credit,furniture/equipment,3331,<100,>=7,2,male single,none,4,life insurance,42,stores,own,1,skilled,1,none,yes,1,closed,route_f,type_4,group_x,B07,0.10838867736839979,route_f,type_1,0.9278285260991337,good
no checking,36,existing paid,business,7409,no known savings,>=7,3,male single,none,2,life insurance,37,none,own,2,skilled,1,none,yes,1,closed,route_f,type_4,group_x,A12,1.0,route_c,type_4,0.0,good
<0,12,existing paid,furniture/equipment,652,<100,>=7,4,female div/dep/mar,none,4,life insurance,24,none,rent,1,skilled,1,none,yes,1,closed,route_f,type_4,group_x,B07,0.9193938104956996,route_f,type_4,0.03583799722730946,good
no checking,36,delayed previously,furniture/equipment,7678,500<=X<1000,4<=X<7,2,female div/dep/mar,none,4,car,40,none,own,2,skilled,1,yes,yes,1,closed,route_f,type_4,group_x,B07,1.0,route_f,type_4,0.23547840142155882,good
>=200,6,critical/other existing credit,new car,1343,<100,>=7,1,male single,none,4,real estate,46,none,own,2,skilled,2,none,no,1,closed,route_f,type_4,group_x,B07,0.934600351699031,route_f,type_1,1.0,good
<0,24,critical/other existing credit,business,1382,100<=X<500,4<=X<7,4,male single,none,1,real estate,26,none,own,2,skilled,1,yes,yes,1,closed,route_f,type_1,group_x,A12,1.0,route_c,type_4,0.9743461552353595,good
no checking,15,existing paid,domestic appliance,874,no known savings,<1,4,female div/dep/mar,none,1,real estate,24,none,own,1,skilled,1,none,yes,1,closed,route_f,type_1,group_x,B07,0.9323040723159155,route_f,type_4,0.6273166314544577,good
<0,12,existing paid,furniture/equipment,3590,<100,1<=X<4,2,male single,co applicant,2,life insurance,29,none,own,1,unskilled resident,2,none,yes,1,closed,route_f,type_4,group_x,B07,0.9703223633036854,route_c,type_4,1.0,good
0<=X<200,11,critical/other existing credit,new car,1322,>=1000,1<=X<4,4,female div/dep/mar,none,4,car,40,none,own,2,skilled,1,none,yes,1,closed,route_f,type_4,group_x,B07,0.6791939338959323,route_c,type_4,0.029644414235573017,good
<0,18,all paid,radio/tv,1940,<100,<1,3,male single,co applicant,4,no known property,36,bank,for free,1,high qualif/self emp/mgmt,1,yes,yes,1,closed,route_f,type_1,group_x,B07,0.0,route_c,type_4,1.0,good
no checking,36,existing paid,radio/tv,3595,<100,>=7,4,male single,none,2,car,28,none,own,1,skilled,1,none,yes,1,closed,route_f,type_4,group_x,B07,1.0,route_c,type_4,0.392060817061259,good
<0,9,existing paid,new car,1422,<100,<1,3,male single,none,2,no known property,27,none,for free,1,high qualif/self emp/mgmt,1,yes,yes,0,pending,route_c,type_4,group_n,A12,0.0,route_f,type_1,0.8329756450200427,bad
no checking,30,critical/other existing credit,radio/tv,6742,no known savings,4<=X<7,2,male single,none,3,life insurance,36,none,own,2,skilled,1,none,yes,1,closed,route_c,type_4,group_x,B07,0.23269491902128098,route_c,type_1,0.0,good
no checking,24,existing paid,used car,7814,<100,4<=X<7,3,male single,none,3,car,38,none,own,1,high qualif/self emp/mgmt,1,yes,yes,1,closed,route_f,type_4,group_n,B07,0.0,route_f,type_1,0.0,good
no checking,24,existing paid,used car,9277,no known savings,1<=X<4,2,male div/sep,none,4,no known property,48,none,for free,1,skilled,1,yes,yes,1,closed,route_f,type_4,group_x,B07,0.9253254860837299,route_f,type_4,1.0,good
0<=X<200,30,critical/other existing credit,new car,2181,no known savings,>=7,4,male single,none,4,real estate,36,none,own,2,skilled,1,none,yes,1,closed,route_f,type_4,group_x,B07,0.8801043791768745,route_c,type_4,1.0,good
no checking,18,critical/other existing credit,radio/tv,1098,<100,unemployed,4,female div/dep/mar,none,4,car,65,none,own,2,unemp/unskilled non res,1,none,yes,1,closed,route_f,type_4,group_x,B07,0.9252995502831001,route_f,type_4,0.0,good
0<=X<200,24,existing paid,furniture/equipment,4057,<100,4<=X<7,3,male div/sep,none,3,car,43,none,own,1,skilled,1,yes,yes,0,pending,route_c,type_1,group_n,A12,0.13666223083964343,route_f,type_1,0.7125072299067728,bad
<0,12,existing paid,education,795,<100,<1,4,female div/dep/mar,none,4,life insurance,53,none,own,1,skilled,1,none,yes,0,pending,route_c,type_4,group_n,B07,0.1958392127483227,route_c,type_1,0.0,bad
0<=X<200,24,critical/other existing credit,business,2825,no known savings,4<=X<7,4,male single,none,3,no known property,34,none,own,2,skilled,2,yes,yes,1,closed,route_f,type_4,group_n,B07,0.9071449790532402,route_f,type_4,0.0,good
0<=X<200,48,existing paid,business,15672,<100,1<=X<4,2,male single,none,2,car,23,none,own,1,skilled,1,yes,yes,0,pending,route_c,type_1,group_n,A12,0.0,route_c,type_4,0.10542826719654137,bad
no checking,36,critical/other existing credit,new car,6614,<100,>=7,4,male single,none,4,car,34,none,own,2,high qualif/self emp/mgmt,1,yes,yes,1,closed,route_f,type_4,group_x,B07,0.8466804540613062,route_c,type_4,0.9166860550531806,good
no checking,28,all paid,used car,7824,no known savings,<1,3,male single,guarantor,4,real estate,40,bank,rent,2,skilled,2,yes,yes,1,closed,route_f,type_4,group_x,A12,1.0,route_f,type_1,0.8730086284228283,good
<0,27,critical/other existing credit,business,2442,<100,>=7,4,male single,none,4,car,43,stores,own,4,high qualif/self emp/mgmt,2,yes,yes,1,closed,route_f,type_1,group_x,B07,1.0,route_f,type_4,0.8464490284080912,good
no checking,15,critical/other existing credit,radio/tv,1829,<100,>=7,4,male single,none,4,car,46,none,own,2,skilled,1,yes,yes,1,closed,route_f,type_4,group_x,B07,0.9859574115014857,route_f,type_4,1.0,good
<0,12,critical/other existing credit,new car,2171,<100,1<=X<4,4,male single,none,4,life insurance,38,bank,own,2,unskilled resident,1,none,no,1,closed,route_f,type_4,group_x,B07,0.0,route_f,type_1,1.0,good
0<=X<200,36,critical/other existing credit,used car,5800,<100,1<=X<4,3,male single,none,4,car,34,none,own,2,skilled,1,yes,yes,1,closed,route_f,type_4,group_x,B07,0.8268672100770467,route_f,type_1,1.0,good
no checking,18,critical/other existing credit,radio/tv,1169,no known savings,1<=X<4,4,male single,none,3,life insurance,29,none,own,2,skilled,1,yes,yes,1,closed,route_f,type_4,group_x,A12,1.0,route_c,type_1,1.0,good
no checking,36,delayed previously,used car,8947,no known savings,4<=X<7,3,male single,none,2,car,31,stores,own,1,high qualif/self emp/mgmt,2,yes,yes,1,closed,route_f,type_4,group_x,B07,0.0727872741941611,route_f,type_4,0.9853804038391669,good
<0,21,existing paid,radio/tv,2606,<100,<1,4,female div/dep/mar,none,4,life insurance,28,none,rent,1,high qualif/self emp/mgmt,1,yes,yes,1,closed,route_f,type_4,group_x,A12,0.7262358133346978,route_c,type_4,0.7907910568497367,good
no checking,12,critical/other existing credit,furniture/equipment,1592,>=1000,4<=X<7,3,female div/dep/mar,none,2,life insurance,35,none,own,1,skilled,1,none,no,1,closed,route_f,type_4,group_x,B07,0.0,route_f,type_1,0.8520980243369194,good
no checking,15,existing paid,furniture/equipment,2186,no known savings,4<=X<7,1,female div/dep/mar,none,4,real estate,33,bank,rent,1,unskilled resident,1,none,yes,1,closed,route_f,type_1,group_x,B07,1.0,route_f,type_4,0.0,good
<0,18,existing paid,furniture/equipment,4153,<100,1<=X<4,2,male single,co applicant,3,car,42,none,own,1,skilled,1,none,yes,0,pending,route_c,type_1,group_n,B07,0.0,route_c,type_4,0.41820203571288517,bad
<0,16,critical/other existing credit,new car,2625,<100,>=7,2,male single,guarantor,4,life insurance,43,bank,rent,1,skilled,1,yes,yes,0,pending,route_c,type_4,group_n,A12,0.19737704702975767,route_c,type_1,0.0,bad
no checking,20,critical/other existing credit,new car,3485,no known savings,<1,2,male div/sep,none,4,real estate,44,none,own,2,skilled,1,yes,yes,1,closed,route_f,type_4,group_x,A12,1.0,route_c,type_4,0.9151572580783297,good
no checking,36,critical/other existing credit,used car,10477,no known savings,>=7,2,male single,none,4,no known property,42,none,for free,2,skilled,1,none,yes,1,closed,route_f,type_4,group_x,A12,0.8563329528893151,route_c,type_1,1.0,good
no checking,15,existing paid,radio/tv,1386,no known savings,1<=X<4,4,male mar/wid,none,2,real estate,40,none,rent,1,skilled,1,yes,yes,1,closed,route_f,type_4,group_x,B07,0.9612210536308791,route_f,type_1,0.0,good
no checking,24,existing paid,radio/tv,1278,<100,>=7,4,male single,none,1,real estate,36,none,own,1,high qualif/self emp/mgmt,1,yes,yes,1,closed,route_f,type_4,group_x,B07,0.9829480133928269,route_f,type_4,0.21747883214114186,good
<0,12,existing paid,radio/tv,1107,<100,1<=X<4,2,male single,none,2,real estate,20,none,rent,1,high qualif/self emp/mgmt,2,yes,yes,1,closed,route_f,type_4,group_x,B07,0.8737922172276104,route_f,type_4,0.9375291690731695,good
<0,21,existing paid,new car,3763,no known savings,4<=X<7,2,male single,co applicant,2,real estate,24,none,own,1,unskilled resident,1,none,no,1,closed,route_f,type_4,group_x,B07,0.8714924869775502,route_f,type_1,0.9525053666720016,good
0<=X<200,36,existing paid,education,3711,no known savings,1<=X<4,2,male mar/wid,none,2,car,27,none,own,1,skilled,1,none,yes,1,closed,route_f,type_4,group_n,B07,1.0,route_f,type_4,1.0,good
no checking,15,delayed previously,used car,3594,<100,<1,1,female div/dep/mar,none,2,life insurance,46,none,own,2,unskilled resident,1,none,yes,1,closed,route_f,type_4,group_x,B07,0.8704997178906839,route_f,type_4,1.0,good
0<=X<200,9,existing paid,new car,3195,no known savings,1<=X<4,1,female div/dep/mar,none,2,real estate,33,none,own,1,unskilled resident,1,none,yes,1,closed,route_f,type_4,group_x,A12,1.0,route_f,type_1,0.2850184207245364,good
no checking,36,delayed previously,radio/tv,4454,<100,1<=X<4,4,female div/dep/mar,none,4,real estate,34,none,own,2,skilled,1,none,yes,1,pending,route_f,type_4,group_n,B07,0.9421658066166353,route_c,type_4,0.9723275884678985,good
0<=X<200,24,critical/other existing credit,furniture/equipment,4736,<100,<1,2,female div/dep/mar,none,4,car,25,bank,own,1,unskilled resident,1,none,yes,0,pending,route_c,type_1,group_n,B07,0.0,route_f,type_1,0.0,bad
0<=X<200,30,existing paid,radio/tv,2991,no known savings,>=7,2,female div/dep/mar,none,4,car,25,none,own,1,skilled,1,none,yes,1,closed,route_f,type_4,group_x,B07,1.0,route_f,type_1,1.0,good
no checking,11,existing paid,business,2142,>=1000,>=7,1,male div/sep,none,2,real estate,28,none,own,1,skilled,1,yes,yes,1,closed,route_f,type_4,group_x,B07,0.92069097584013,route_f,type_4,1.0,good
<0,24,all paid,business,3161,<100,1<=X<4,4,male single,none,2,life insurance,31,none,rent,1,skilled,1,yes,yes,0,pending,route_c,type_1,group_n,A12,0.07524732153802567,route_c,type_4,0.8284120068445675,bad
0<=X<200,48,no credits/all paid,other,18424,<100,1<=X<4,1,female div/dep/mar,none,2,life insurance,32,bank,own,1,high qualif/self emp/mgmt,1,yes,no,0,pending,route_c,type_1,group_n,A12,0.0,route_f,type_4,0.18966024426822636,bad
no checking,10,existing paid,used car,2848,100<=X<500,1<=X<4,1,male single,co applicant,2,real estate,32,none,own,1,skilled,2,none,yes,1,closed,route_f,type_4,group_x,B07,1.0,route_c,type_1,1.0,good
<0,6,existing paid,new car,14896,<100,>=7,1,male single,none,4,no known property,68,bank,own,1,high qualif/self emp/mgmt,1,yes,yes,0,pending,route_c,type_1,group_n,A12,0.0,route_c,type_1,0.0,bad
<0,24,existing paid,furniture/equipment,2359,100<=X<500,unemployed,1,male div/sep,none,1,life insurance,33,none,own,1,skilled,1,none,yes,0,pending,route_c,type_1,group_n,A12,0.0,route_c,type_1,0.0,bad
<0,24,existing paid,furniture/equipment,3345,<100,>=7,4,male single,none,2,life insurance,39,none,rent,1,high qualif/self emp/mgmt,1,yes,yes,0,pending,route_c,type_1,group_n,A12,0.11318719555470012,route_f,type_1,0.012612957219349023,bad
no checking,18,critical/other existing credit,furniture/equipment,1817,<100,1<=X<4,4,female div/dep/mar,none,2,no known property,28,none,own,2,skilled,1,none,yes,1,closed,route_f,type_4,group_x,B07,1.0,route_c,type_1,0.616624508597787,good
no checking,48,delayed previously,radio/tv,12749,500<=X<1000,4<=X<7,4,male single,none,1,car,37,none,own,1,high qualif/self emp/mgmt,1,yes,yes,1,closed,route_c,type_4,group_x,A12,0.8279606115375429,route_c,type_4,0.882216007833473,good
<0,9,existing paid,radio/tv,1366,<100,<1,3,female div/dep/mar,none,4,life insurance,22,none,rent,1,skilled,1,none,yes,0,pending,route_c,type_1,group_n,A12,0.0,route_c,type_1,0.0,bad
0<=X<200,12,existing paid,new car,2002,<100,4<=X<7,3,male single,none,4,life insurance,30,none,rent,1,skilled,2,yes,yes,1,closed,route_f,type_4,group_x,B07,0.9087509546572509,route_f,type_1,1.0,good
<0,24,all paid,furniture/equipment,6872,<100,<1,2,male div/sep,none,1,life insurance,55,bank,own,1,skilled,1,yes,yes,0,pending,route_c,type_1,group_n,A12,0.02467360176245285,route_c,type_4,0.3806696300514224,bad
<0,12,all paid,new car,697,<100,<1,4,male single,none,2,car,46,bank,own,2,skilled,1,yes,yes,0,pending,route_c,type_1,group_n,A12,0.0,route_f,type_1,0.11581126179725101,bad
<0,18,critical/other existing credit,furniture/equipment,1049,<100,<1,4,female div/dep/mar,none,4,life insurance,21,none,rent,1,skilled,1,none,yes,1,closed,route_f,type_4,group_x,B07,0.998247876200066,route_f,type_1,1.0,good
<0,48,existing paid,used car,10297,<100,4<=X<7,4,male single,none,4,no known property,39,stores,for free,3,skilled,2,yes,yes,0,pending,route_c,type_1,group_n,A12,0.04126439202850855,route_c,type_1,0.1306554650534743,bad
no checking,30,existing paid,radio/tv,1867,no known savings,>=7,4,male single,none,4,car,58,none,own,1,skilled,1,yes,yes,1,pending,route_f,type_1,group_x,B07,0.9624975735345946,route_c,type_4,0.2278233316617421,good
<0,12,delayed previously,new car,1344,<100,1<=X<4,4,male single,none,2,real estate,43,none,own,2,unskilled resident,2,none,yes,1,closed,route_f,type_4,group_x,A12,1.0,route_c,type_1,1.0,good
<0,24,existing paid,furniture/equipment,1747,<100,<1,4,male single,co applicant,1,life insurance,24,none,own,1,unskilled resident,1,none,no,1,closed,route_f,type_4,group_x,B07,1.0,route_f,type_4,0.8518030414587934,good
0<=X<200,9,existing paid,radio/tv,1670,<100,<1,4,female div/dep/mar,none,2,car,22,none,own,1,skilled,1,yes,yes,0,pending,route_c,type_1,group_n,A12,0.0,route_f,type_1,0.0,bad
no checking,9,critical/other existing credit,new car,1224,<100,1<=X<4,3,male single,none,1,real estate,30,none,own,2,skilled,1,none,yes,1,closed,route_f,type_4,group_x,B07,0.7434549097656176,route_f,type_4,1.0,good
no checking,12,critical/other existing credit,radio/tv,522,500<=X<1000,>=7,4,male single,none,4,life insurance,42,none,own,2,skilled,2,yes,yes,1,closed,route_f,type_1,group_x,B07,1.0,route_f,type_4,0.9992551130523952,good
<0,12,existing paid,radio/tv,1498,<100,1<=X<4,4,female div/dep/mar,none,1,car,23,bank,own,1,skilled,1,none,yes,1,closed,route_f,type_4,group_x,B07,0.8737175141070279,route_f,type_4,1.0,good
0<=X<200,30,delayed previously,radio/tv,1919,100<=X<500,<1,4,male single,none,3,no known property,30,stores,own,2,high qualif/self emp/mgmt,1,none,yes,0,pending,route_c,type_1,group_n,A12,0.0,route_c,type_1,0.0,bad
>=200,9,existing paid,radio/tv,745,<100,1<=X<4,3,female div/dep/mar,none,2,real estate,28,none,own,1,unskilled resident,1,none,yes,0,pending,route_c,type_1,group_n,A12,0.06348395888010888,route_c,type_4,0.0,bad
0<=X<200,6,existing paid,radio/tv,2063,<100,<1,4,male mar/wid,none,3,car,30,none,rent,1,high qualif/self emp/mgmt,1,yes,yes,1,closed,route_f,type_4,group_x,B07,1.0,route_c,type_4,1.0,good
0<=X<200,60,existing paid,education,6288,<100,1<=X<4,4,male single,none,4,no known property,42,none,for free,1,skilled,1,none,yes,0,pending,route_c,type_1,group_n,A12,0.9949570336439338,route_c,type_4,0.0,bad
no checking,24,critical/other existing credit,used car,6842,no known savings,1<=X<4,2,male single,none,4,life insurance,46,none,own,2,high qualif/self emp/mgmt,2,yes,yes,1,closed,route_c,type_1,group_x,B07,1.0,route_c,type_4,0.1389944324964127,good
no checking,12,existing paid,new car,3527,no known savings,<1,2,male single,none,3,life insurance,45,none,own,1,high qualif/self emp/mgmt,2,yes,yes,1,closed,route_f,type_1,group_x,B07,0.8086064872972419,route_f,type_4,0.10615622786041609,good
no checking,10,existing paid,new car,1546,<100,1<=X<4,3,male single,none,2,real estate,31,none,own,1,unskilled resident,2,none,no,1,closed,route_f,type_4,group_n,B07,1.0,route_f,type_1,0.6802498072420256,good
no checking,24,existing paid,furniture/equipment,929,no known savings,4<=X<7,4,male single,none,2,car,31,stores,own,1,skilled,1,yes,yes,1,closed,route_f,type_4,group_x,A12,0.992062463257776,route_f,type_4,0.8317669831762973,good
no checking,4,critical/other existing credit,new car,1455,<100,4<=X<7,2,male single,none,1,real estate,42,none,own,3,unskilled resident,2,none,yes,1,closed,route_f,type_4,group_x,B07,1.0,route_f,type_1,0.8658051614076518,good
<0,15,existing paid,furniture/equipment,1845,<100,<1,4,female div/dep/mar,guarantor,1,life insurance,46,none,rent,1,skilled,1,none,yes,1,closed,route_f,type_4,group_x,A12,0.9283892519261897,route_c,type_1,0.11432828294660974,good
0<=X<200,48,no credits/all paid,new car,8358,500<=X<1000,<1,1,female div/dep/mar,none,1,car,30,none,own,2,skilled,1,none,yes,1,closed,route_f,type_4,group_x,B07,0.9679830157259859,route_f,type_4,0.9256753910490634,good
<0,24,all paid,furniture/equipment,3349,500<=X<1000,<1,4,male single,none,4,no known property,30,none,for free,1,skilled,2,yes,yes,0,pending,route_c,type_1,group_n,B07,0.14029291689509532,route_f,type_1,0.0,bad
no checking,12,existing paid,new car,2859,no known savings,unemployed,4,male single,none,4,no known property,38,none,own,1,high qualif/self emp/mgmt,1,yes,yes,1,closed,route_f,type_1,group_x,B07,0.9878055225077089,route_f,type_1,0.7048264102105927,good
no checking,18,existing paid,furniture/equipment,1533,<100,<1,4,male mar/wid,co applicant,1,life insurance,43,none,own,1,unskilled resident,2,none,yes,0,closed,route_c,type_1,group_n,A12,0.0,route_c,type_1,0.470997122634851,bad
no checking,24,existing paid,radio/tv,3621,100<=X<500,>=7,2,male single,none,4,car,31,none,own,2,skilled,1,none,yes,0,pending,route_c,type_1,group_n,A12,0.3380914087109413,route_c,type_1,0.014417112794748149,bad
0<=X<200,18,critical/other existing credit,business,3590,<100,unemployed,3,male mar/wid,none,3,car,40,none,own,3,unemp/unskilled non res,2,yes,yes,1,closed,route_f,type_4,group_x,B07,0.8570864588578828,route_f,type_1,1.0,good
<0,36,delayed previously,business,2145,<100,4<=X<7,2,male single,none,1,car,24,none,own,2,skilled,1,yes,yes,0,closed,route_c,type_1,group_n,A12,0.0,route_c,type_1,0.0,bad
0<=X<200,24,existing paid,used car,4113,500<=X<1000,<1,3,female div/dep/mar,none,4,car,28,none,rent,1,skilled,1,none,yes,0,pending,route_c,type_1,group_n,A12,1.0,route_f,type_4,0.0,bad
no checking,36,existing paid,furniture/equipment,10974,<100,unemployed,4,female div/dep/mar,none,2,car,26,none,own,2,high qualif/self emp/mgmt,1,yes,yes,0,pending,route_c,type_1,group_n,B07,0.03545931994662268,route_f,type_1,0.38731864262809007,bad
<0,12,existing paid,new car,1893,<100,1<=X<4,4,female div/dep/mar,guarantor,4,life insurance,29,none,own,1,skilled,1,yes,yes,1,closed,route_f,type_1,group_x,B07,0.9748589592191521,route_c,type_1,0.0,good
<0,24,critical/other existing credit,radio/tv,1231,>=1000,>=7,4,female div/dep/mar,none,4,life insurance,57,none,rent,2,high qualif/self emp/mgmt,1,yes,yes,1,closed,route_f,type_4,group_x,B07,0.9755192509052641,route_c,type_4,1.0,good
>=200,30,critical/other existing credit,radio/tv,3656,no known savings,>=7,4,male single,none,4,life insurance,49,stores,own,2,unskilled resident,1,none,yes,1,closed,route_f,type_4,group_x,B07,0.9688715277168459,route_f,type_4,0.0,good
0<=X<200,9,critical/other existing credit,radio/tv,1154,<100,>=7,2,male single,none,4,real estate,37,none,own,3,unskilled resident,1,none,yes,1,closed,route_c,type_4,group_x,A12,0.8521387637366432,route_f,type_1,0.9179872662346065,good
<0,28,existing paid,new car,4006,<100,1<=X<4,3,male single,none,2,car,45,none,own,1,unskilled resident,1,none,yes,0,pending,route_c,type_4,group_n,A12,0.2849040459110116,route_c,type_4,0.0,bad
0<=X<200,24,existing paid,furniture/equipment,3069,100<=X<500,>=7,4,male single,none,4,no known property,30,none,for free,1,skilled,1,none,yes,1,closed,route_f,type_4,group_x,B07,0.9708512034029776,route_f,type_1,0.0,good
no checking,6,critical/other existing credit,radio/tv,1740,<100,>=7,2,male mar/wid,none,2,real estate,30,none,rent,2,skilled,1,none,yes,1,closed,route_f,type_4,group_x,A12,1.0,route_f,type_1,0.007176950265531315,good
0<=X<200,21,delayed previously,new car,2353,<100,1<=X<4,1,male div/sep,none,4,life insurance,47,none,own,2,skilled,1,none,yes,1,closed,route_f,type_1,group_x,B07,0.9556584963571872,route_f,type_4,0.0,good
no checking,15,existing paid,new car,3556,no known savings,1<=X<4,3,male single,none,2,no known property,29,none,own,1,skilled,1,none,yes,1,closed,route_f,type_4,group_x,B07,0.9529938134128985,route_f,type_4,0.0,good
no checking,24,existing paid,radio/tv,2397,500<=X<1000,>=7,3,male single,none,2,car,35,bank,own,2,skilled,1,yes,yes,0,pending,route_c,type_1,group_n,A12,0.0,route_c,type_1,0.0,bad
0<=X<200,6,existing paid,repairs,454,<100,<1,3,male mar/wid,none,1,life insurance,22,none,own,1,unskilled resident,1,none,yes,1,closed,route_f,type_4,group_x,B07,0.0,route_f,type_4,0.0,good
0<=X<200,30,existing paid,radio/tv,1715,no known savings,1<=X<4,4,female div/dep/mar,none,1,car,26,none,own,1,skilled,1,none,yes,1,closed,route_f,type_1,group_n,B07,0.9787176989339981,route_c,type_4,0.3064267910935002,good
0<=X<200,27,critical/other existing credit,radio/tv,2520,500<=X<1000,1<=X<4,4,male single,none,2,life insurance,23,none,own,2,unskilled resident,1,none,yes,0,pending,route_c,type_1,group_n,A12,0.0,route_c,type_1,0.0,bad
no checking,15,existing paid,radio/tv,3568,<100,>=7,4,female div/dep/mar,none,2,car,54,bank,rent,1,high qualif/self emp/mgmt,1,yes,yes,1,closed,route_f,type_4,group_x,B07,1.0,route_c,type_1,0.0,good
no checking,42,existing paid,radio/tv,7166,no known savings,4<=X<7,2,male mar/wid,none,4,life insurance,29,none,rent,1,skilled,1,yes,yes,1,closed,route_f,type_4,group_n,B07,0.8414372344200517,route_f,type_1,0.8800756193072727,good
<0,11,critical/other existing credit,new car,3939,<100,1<=X<4,1,male single,none,2,real estate,40,none,own,2,unskilled resident,2,none,yes,1,closed,route_f,type_1,group_x,B07,0.9235279989739817,route_f,type_1,0.9834828606128063,good
0<=X<200,15,existing paid,repairs,1514,100<=X<500,1<=X<4,4,male single,guarantor,2,real estate,22,none,own,1,skilled,1,none,yes,1,closed,route_f,type_4,group_x,B07,0.8809566381550841,route_c,type_1,1.0,good
no checking,24,existing paid,new car,7393,<100,1<=X<4,1,male single,none,4,life insurance,43,none,own,1,unskilled resident,2,none,yes,1,closed,route_f,type_1,group_n,A12,1.0,route_c,type_4,1.0,good
<0,24,all paid,new car,1193,<100,unemployed,1,female div/dep/mar,co applicant,4,no known property,29,none,rent,2,unemp/unskilled non res,1,none,yes,0,pending,route_c,type_1,group_n,A12,0.0,route_c,type_4,1.0,bad
<0,60,existing paid,business,7297,<100,>=7,4,male single,co applicant,4,no known property,36,none,rent,1,skilled,1,none,yes,0,pending,route_c,type_1,group_n,A12,0.07450472942621311,route_c,type_1,0.22031873781178365,bad
no checking,30,critical/other existing credit,radio/tv,2831,<100,1<=X<4,4,female div/dep/mar,none,2,car,33,none,own,1,skilled,1,yes,yes,1,closed,route_f,type_1,group_x,B07,1.0,route_f,type_4,1.0,good
>=200,24,existing paid,radio/tv,1258,500<=X<1000,1<=X<4,3,female div/dep/mar,none,3,car,57,none,own,1,unskilled resident,1,none,yes,1,closed,route_f,type_4,group_x,B07,0.0,route_f,type_1,0.050396393045207544,good
0<=X<200,6,existing paid,radio/tv,753,<100,1<=X<4,2,female div/dep/mar,guarantor,3,real estate,64,none,own,1,skilled,1,none,yes,1,closed,route_f,type_1,group_x,B07,0.8175725423753879,route_f,type_1,1.0,good
0<=X<200,18,delayed previously,business,2427,no known savings,>=7,4,male single,none,2,life insurance,42,none,own,2,skilled,1,none,yes,1,closed,route_f,type_1,group_x,B07,0.819249613713811,route_f,type_4,1.0,good
no checking,24,delayed previously,new car,2538,<100,>=7,4,male single,none,4,car,47,none,own,2,unskilled resident,2,none,yes,0,pending,route_c,type_1,group_n,A12,0.11391873858548057,route_c,type_1,0.029157440260593318,bad
0<=X<200,15,all paid,new car,1264,100<=X<500,1<=X<4,2,male mar/wid,none,2,life insurance,25,none,rent,1,skilled,1,none,yes,0,pending,route_c,type_1,group_n,A12,0.0,route_c,type_1,0.07094405947642225,bad
0<=X<200,30,critical/other existing credit,furniture/equipment,8386,<100,4<=X<7,2,male single,none,2,life insurance,49,none,own,1,skilled,1,none,yes,0,pending,route_c,type_4,group_n,A12,0.051943525965438386,route_f,type_1,0.6311630649180155,bad
no checking,48,existing paid,business,4844,<100,unemployed,3,male single,none,2,car,33,bank,rent,1,high qualif/self emp/mgmt,1,yes,yes,0,pending,route_c,type_1,group_n,A12,0.015151257051229014,route_c,type_4,0.05915415024034532,bad
>=200,21,existing paid,new car,2923,100<=X<500,1<=X<4,1,female div/dep/mar,none,1,car,28,bank,own,1,high qualif/self emp/mgmt,1,yes,yes,1,closed,route_f,type_4,group_x,B07,1.0,route_c,type_1,0.687391127109625,good
<0,36,existing paid,used car,8229,<100,1<=X<4,2,male single,none,2,life insurance,26,none,own,1,skilled,2,none,yes,0,pending,route_c,type_1,group_n,A12,0.06248498703958011,route_f,type_4,0.0,bad
no checking,24,critical/other existing credit,furniture/equipment,2028,<100,4<=X<7,2,male single,none,2,life insurance,30,none,own,2,unskilled resident,1,none,yes,1,closed,route_f,type_4,group_x,B07,0.876288621064628,route_f,type_1,0.03905793452760803,good
<0,15,critical/other existing credit,furniture/equipment,1433,<100,1<=X<4,4,female div/dep/mar,none,3,life insurance,25,none,rent,2,skilled,1,none,yes,1,closed,route_f,type_1,group_x,B07,0.8707425162805468,route_c,type_4,0.774399084471989,good
>=200,42,no credits/all paid,business,6289,<100,<1,2,male div/sep,none,1,life insurance,33,none,own,2,skilled,1,none,yes,1,closed,route_f,type_4,group_x,A12,1.0,route_f,type_4,0.998559465361066,good
no checking,13,existing paid,radio/tv,1409,100<=X<500,unemployed,2,female div/dep/mar,none,4,real estate,64,none,own,1,skilled,1,none,yes,1,closed,route_f,type_4,group_x,B07,0.0,route_f,type_1,0.028032990168347618,good
<0,24,existing paid,used car,6579,<100,unemployed,4,male single,none,2,no known property,29,none,for free,1,high qualif/self emp/mgmt,1,yes,yes,1,closed,route_f,type_4,group_x,B07,0.0,route_c,type_1,1.0,good
0<=X<200,24,critical/other existing credit,radio/tv,1743,<100,>=7,4,male single,none,2,life insurance,48,none,own,2,unskilled resident,1,none,yes,1,closed,route_f,type_4,group_n,B07,0.0859600769696121,route_f,type_4,0.8169154150739745,good
no checking,12,critical/other existing credit,education,3565,no known savings,<1,2,male single,none,1,life insurance,37,none,own,2,unskilled resident,2,none,yes,1,closed,route_f,type_4,group_n,A12,0.0,route_f,type_4,1.0,good
no checking,15,all paid,radio/tv,1569,100<=X<500,>=7,4,male single,none,4,car,34,bank,own,1,unskilled resident,2,none,yes,1,closed,route_f,type_4,group_x,B07,1.0,route_f,type_1,0.981929864615619,good
<0,18,existing paid,radio/tv,1936,no known savings,4<=X<7,2,male mar/wid,none,4,car,23,none,rent,2,unskilled resident,1,none,yes,1,closed,route_f,type_1,group_x,B07,1.0,route_c,type_1,0.08931782523466028,good
<0,36,existing paid,furniture/equipment,3959,<100,unemployed,4,male single,none,3,life insurance,30,none,own,1,high qualif/self emp/mgmt,1,yes,yes,1,closed,route_f,type_4,group_x,B07,1.0,route_f,type_4,0.7577209781757333,good
no checking,12,existing paid,new car,2390,no known savings,>=7,4,male single,none,3,car,50,none,own,1,skilled,1,yes,yes,1,closed,route_f,type_4,group_x,B07,1.0,route_f,type_1,0.9638886697488126,good
no checking,12,existing paid,furniture/equipment,1736,<100,4<=X<7,3,female div/dep/mar,none,4,real estate,31,none,own,1,unskilled resident,1,none,yes,1,closed,route_f,type_1,group_x,B07,1.0,route_f,type_4,1.0,good
<0,30,existing paid,used car,3857,<100,1<=X<4,4,male div/sep,none,4,life insurance,40,none,own,1,high qualif/self emp/mgmt,1,yes,yes,1,closed,route_f,type_1,group_x,B07,1.0,route_f,type_4,1.0,good
no checking,12,existing paid,radio/tv,804,<100,>=7,4,male single,none,4,car,38,none,own,1,skilled,1,none,yes,0,closed,route_f,type_4,group_x,B07,0.8592708080896834,route_f,type_1,0.0,good
<0,45,existing paid,radio/tv,1845,<100,1<=X<4,4,male single,none,4,no known property,23,none,for free,1,skilled,1,yes,yes,0,pending,route_c,type_1,group_n,A12,0.0,route_c,type_1,0.0,bad
0<=X<200,45,critical/other existing credit,used car,4576,100<=X<500,unemployed,3,male single,none,4,car,27,none,own,1,skilled,1,none,yes,1,closed,route_f,type_4,group_x,B07,1.0,route_c,type_1,0.7997909371620767,good
